bdld3_1_x6,model_1,0.07,90.39,0.5545,0.431,0.5311,80,87,1,bdld3_1_x6_model_1_multimer_v2_p1_221223_840062,1
bdld3_1_x6,model_2,0.08,80.63,0.4549,0.3834,0.2928,74,68,2,bdld3_1_x6_model_2_multimer_v2_p1_221223_840062,3
bdld3_1_x6,model_3,0.07,85.66,0.447,0.347,0.4118,80,84,3,bdld3_1_x6_model_3_multimer_v2_p1_221223_840062,1
bdld3_1_x6,model_5,0.08,84.95,0.4343,0.3405,0.3887,78,85,4,bdld3_1_x6_model_5_multimer_v2_p1_221223_840062,1
bdld3_1_x6,model_4,0.26,77.92,0.3591,0.2951,0.2063,58,50,5,bdld3_1_x6_model_4_multimer_v2_p1_221223_840062,4
bdld3_2_x6,model_1,0.08,94.31,0.7819,0.5937,0.6868,89,94,1,bdld3_2_x6_model_1_multimer_v2_p1_221223_555048,1
bdld3_2_x6,model_2,0.08,90.04,0.7202,0.643,0.6244,110,108,2,bdld3_2_x6_model_2_multimer_v2_p1_221223_555048,1
bdld3_2_x6,model_5,0.04,91.08,0.6334,0.5007,0.6019,92,87,3,bdld3_2_x6_model_5_multimer_v2_p1_221223_555048,1
bdld3_2_x6,model_3,0.09,87.11,0.4623,0.371,0.4642,84,76,4,bdld3_2_x6_model_3_multimer_v2_p1_221223_555048,1
bdld3_2_x6,model_4,0.09,87.35,0.456,0.3325,0.4276,75,76,5,bdld3_2_x6_model_4_multimer_v2_p1_221223_555048,1
bdld3_3_x6,model_1,0.09,92.66,0.8236,0.7268,0.7448,102,116,1,bdld3_3_x6_model_1_multimer_v2_p1_221223_713555,1
bdld3_3_x6,model_3,0.07,90.76,0.7831,0.6758,0.6804,108,114,2,bdld3_3_x6_model_3_multimer_v2_p1_221223_713555,1
bdld3_3_x6,model_5,0.08,89.75,0.7641,0.6787,0.6792,94,106,3,bdld3_3_x6_model_5_multimer_v2_p1_221223_713555,1
bdld3_3_x6,model_4,0.08,89.54,0.7163,0.6255,0.6132,97,109,4,bdld3_3_x6_model_4_multimer_v2_p1_221223_713555,1
bdld3_3_x6,model_2,0.09,83.79,0.5479,0.4853,0.4133,102,96,5,bdld3_3_x6_model_2_multimer_v2_p1_221223_713555,1
bdld3_4_x6,model_1,0.07,92.7,0.8293,0.7365,0.7333,111,128,1,bdld3_4_x6_model_1_multimer_v2_p1_221223_877248,1
bdld3_4_x6,model_5,0.08,86.97,0.7618,0.661,0.6416,101,124,2,bdld3_4_x6_model_5_multimer_v2_p1_221223_877248,1
bdld3_4_x6,model_3,0.07,84.66,0.6798,0.5892,0.5798,93,114,3,bdld3_4_x6_model_3_multimer_v2_p1_221223_877248,1
bdld3_4_x6,model_2,0.1,88.09,0.6721,0.576,0.5389,103,117,4,bdld3_4_x6_model_2_multimer_v2_p1_221223_877248,1
bdld3_4_x6,model_4,0.1,82.9,0.3892,0.3154,0.3797,88,86,5,bdld3_4_x6_model_4_multimer_v2_p1_221223_877248,1
bdld3_5_x6,model_4,1.14,56.08,0.2854,0.2871,0.6405,144,158,1,bdld3_5_x6_model_4_multimer_v2_p1_221223_676599,3
bdld3_5_x6,model_3,8.58,50.09,0.2515,0.258,0.5673,140,142,2,bdld3_5_x6_model_3_multimer_v2_p1_221223_676599,3
bdld3_5_x6,model_2,18.04,47.85,0.2395,0.2555,0.4411,130,149,3,bdld3_5_x6_model_2_multimer_v2_p1_221223_676599,2
bdld3_5_x6,model_1,3.4,57.63,0.2069,0.1403,0.0098,27,21,4,bdld3_5_x6_model_1_multimer_v2_p1_221223_676599,5
bdld3_5_x6,model_5,5.92,54.44,0.1905,0.0157,3e-04,11,6,5,bdld3_5_x6_model_5_multimer_v2_p1_221223_676599,6
bdld3_6_x6,model_1,0.08,90.24,0.7874,0.686,0.6727,98,115,1,bdld3_6_x6_model_1_multimer_v2_p1_221223_391177,1
bdld3_6_x6,model_3,0.06,87.59,0.7389,0.6296,0.6113,92,109,2,bdld3_6_x6_model_3_multimer_v2_p1_221223_391177,1
bdld3_6_x6,model_2,0.05,89.58,0.7311,0.6448,0.6276,107,125,3,bdld3_6_x6_model_2_multimer_v2_p1_221223_391177,1
bdld3_6_x6,model_4,0.1,86.14,0.4823,0.401,0.5266,97,100,4,bdld3_6_x6_model_4_multimer_v2_p1_221223_391177,1
bdld3_6_x6,model_5,0.04,77.34,0.3886,0.3013,0.2283,61,62,5,bdld3_6_x6_model_5_multimer_v2_p1_221223_391177,2
bdld3_7_x6,model_1,0.06,92.44,0.8373,0.6788,0.6859,75,83,1,bdld3_7_x6_model_1_multimer_v2_p1_221223_232991,4
bdld3_7_x6,model_3,1.14,90.4,0.6664,0.4869,0.597,76,80,2,bdld3_7_x6_model_3_multimer_v2_p1_221223_232991,1
bdld3_7_x6,model_4,0.08,86.77,0.4676,0.3647,0.4559,88,98,3,bdld3_7_x6_model_4_multimer_v2_p1_221223_232991,1
bdld3_7_x6,model_5,0.08,84.85,0.4501,0.3566,0.4306,83,93,4,bdld3_7_x6_model_5_multimer_v2_p1_221223_232991,1
bdld3_7_x6,model_2,0.25,77.42,0.3116,0.2362,0.1162,42,30,5,bdld3_7_x6_model_2_multimer_v2_p1_221223_232991,5
bdld3_8_x6,model_4,0.23,87.92,0.5526,0.3606,0.4153,96,92,1,bdld3_8_x6_model_4_multimer_v2_p1_221223_523193,1
bdld3_8_x6,model_5,0.06,86.91,0.5325,0.4113,0.48,82,77,2,bdld3_8_x6_model_5_multimer_v2_p1_221223_523193,1
bdld3_8_x6,model_1,1.36,74.93,0.2327,0.0118,2e-04,9,5,3,bdld3_8_x6_model_1_multimer_v2_p1_221223_523193,6
bdld3_8_x6,model_2,1.17,75.86,0.2262,0.0014,0,2,1,4,bdld3_8_x6_model_2_multimer_v2_p1_221223_523193,6
bdld3_8_x6,model_3,1.52,76.86,0.2228,0,0,0,0,5,bdld3_8_x6_model_3_multimer_v2_p1_221223_523193,6
bdld3_9_x6,model_3,0.05,86.36,0.7483,0.6645,0.6236,104,112,1,bdld3_9_x6_model_3_multimer_v2_p1_221223_956993,1
bdld3_9_x6,model_1,0.08,92.33,0.7369,0.549,0.65,85,88,2,bdld3_9_x6_model_1_multimer_v2_p1_221223_956993,1
bdld3_9_x6,model_5,0.07,90.61,0.6572,0.5138,0.6193,88,98,3,bdld3_9_x6_model_5_multimer_v2_p1_221223_956993,1
bdld3_9_x6,model_4,0.1,89.96,0.6209,0.4666,0.5771,90,100,4,bdld3_9_x6_model_4_multimer_v2_p1_221223_956993,1
bdld3_9_x6,model_2,0.07,84.1,0.5994,0.5205,0.4878,97,100,5,bdld3_9_x6_model_2_multimer_v2_p1_221223_956993,3
bdld3_10_x6,model_1,0.09,91.54,0.8344,0.699,0.7235,107,115,1,bdld3_10_x6_model_1_multimer_v2_p1_221223_088593,1
bdld3_10_x6,model_2,0.08,84.94,0.6276,0.5437,0.5161,104,109,2,bdld3_10_x6_model_2_multimer_v2_p1_221223_088593,1
bdld3_10_x6,model_3,0.07,78.05,0.5441,0.4618,0.4591,88,87,3,bdld3_10_x6_model_3_multimer_v2_p1_221223_088593,2
bdld3_10_x6,model_5,0.05,84.23,0.4806,0.3665,0.4382,87,92,4,bdld3_10_x6_model_5_multimer_v2_p1_221223_088593,1
bdld3_10_x6,model_4,4.59,67.35,0.2108,0.0105,2e-04,12,8,5,bdld3_10_x6_model_4_multimer_v2_p1_221223_088593,6
bdld3_11_x6,model_1,0.08,85.88,0.6378,0.5582,0.5219,98,102,1,bdld3_11_x6_model_1_multimer_v2_p1_221223_386688,2
bdld3_11_x6,model_5,0.08,89.72,0.5938,0.4883,0.5795,93,93,2,bdld3_11_x6_model_5_multimer_v2_p1_221223_386688,1
bdld3_11_x6,model_3,1.2,75.26,0.226,0.0794,0.0028,23,17,3,bdld3_11_x6_model_3_multimer_v2_p1_221223_386688,6
bdld3_11_x6,model_4,2.3,75.08,0.2187,0,0,0,0,4,bdld3_11_x6_model_4_multimer_v2_p1_221223_386688,6
bdld3_11_x6,model_2,5.34,73.43,0.2176,0.0099,1e-04,5,4,5,bdld3_11_x6_model_2_multimer_v2_p1_221223_386688,6
bdld3_12_x6,model_2,0.1,88.36,0.6704,0.5949,0.5847,92,100,1,bdld3_12_x6_model_2_multimer_v2_p1_221223_478045,2
bdld3_12_x6,model_1,0.07,86.91,0.4473,0.346,0.3986,76,75,2,bdld3_12_x6_model_1_multimer_v2_p1_221223_478045,1
bdld3_12_x6,model_5,0.07,85.26,0.4275,0.3549,0.4056,84,88,3,bdld3_12_x6_model_5_multimer_v2_p1_221223_478045,1
bdld3_12_x6,model_3,0.09,82.42,0.3769,0.3031,0.2951,76,74,4,bdld3_12_x6_model_3_multimer_v2_p1_221223_478045,2
bdld3_12_x6,model_4,0.09,80.6,0.3079,0.2378,0.232,80,68,5,bdld3_12_x6_model_4_multimer_v2_p1_221223_478045,1
bdld3_13_x6,model_1,0.08,87.76,0.8462,0.7353,0.7411,108,123,1,bdld3_13_x6_model_1_multimer_v2_p1_221223_845244,1
bdld3_13_x6,model_4,0.07,84.94,0.6415,0.4519,0.536,77,65,2,bdld3_13_x6_model_4_multimer_v2_p1_221223_845244,1
bdld3_13_x6,model_5,0.2,84.49,0.6086,0.47,0.5512,98,86,3,bdld3_13_x6_model_5_multimer_v2_p1_221223_845244,1
bdld3_13_x6,model_3,0.09,81.53,0.4953,0.3729,0.4539,80,70,4,bdld3_13_x6_model_3_multimer_v2_p1_221223_845244,1
bdld3_13_x6,model_2,0.38,78.1,0.368,0.3134,0.2338,61,44,5,bdld3_13_x6_model_2_multimer_v2_p1_221223_845244,4
bdld3_14_x6,model_1,0.08,93.14,0.8568,0.742,0.7482,108,109,1,bdld3_14_x6_model_1_multimer_v2_p1_221223_194258,1
bdld3_14_x6,model_3,0.08,89.62,0.773,0.6716,0.6588,111,115,2,bdld3_14_x6_model_3_multimer_v2_p1_221223_194258,1
bdld3_14_x6,model_2,0.08,90.37,0.7315,0.6105,0.6274,101,100,3,bdld3_14_x6_model_2_multimer_v2_p1_221223_194258,3
bdld3_14_x6,model_5,0.1,90.04,0.6582,0.4993,0.6114,96,105,4,bdld3_14_x6_model_5_multimer_v2_p1_221223_194258,1
bdld3_14_x6,model_4,0.09,90.5,0.6364,0.4605,0.5817,87,92,5,bdld3_14_x6_model_4_multimer_v2_p1_221223_194258,1
bdld3_15_x6,model_2,0.1,91.59,0.6975,0.5191,0.6135,86,82,1,bdld3_15_x6_model_2_multimer_v2_p1_221223_478457,1
bdld3_15_x6,model_1,0.09,88.7,0.6789,0.4901,0.5834,88,78,2,bdld3_15_x6_model_1_multimer_v2_p1_221223_478457,1
bdld3_15_x6,model_5,0.07,86.96,0.6239,0.4362,0.5203,83,81,3,bdld3_15_x6_model_5_multimer_v2_p1_221223_478457,1
bdld3_15_x6,model_3,0.07,87.13,0.5349,0.3669,0.4409,69,69,4,bdld3_15_x6_model_3_multimer_v2_p1_221223_478457,1
bdld3_15_x6,model_4,0.09,82.8,0.4775,0.3218,0.3975,80,75,5,bdld3_15_x6_model_4_multimer_v2_p1_221223_478457,1
bdld3_16_x6,model_2,0.07,80.47,0.4924,0.4143,0.3506,89,73,1,bdld3_16_x6_model_2_multimer_v2_p1_221223_418961,2
bdld3_16_x6,model_5,0.26,79.13,0.3971,0.2908,0.3031,73,69,2,bdld3_16_x6_model_5_multimer_v2_p1_221223_418961,1
bdld3_16_x6,model_1,0.07,77.89,0.2982,0.1215,0.0978,34,22,3,bdld3_16_x6_model_1_multimer_v2_p1_221223_418961,6
bdld3_16_x6,model_3,5.64,71.62,0.2367,0.0271,8e-04,12,8,4,bdld3_16_x6_model_3_multimer_v2_p1_221223_418961,6
bdld3_16_x6,model_4,3.86,62.63,0.211,0.0075,1e-04,6,4,5,bdld3_16_x6_model_4_multimer_v2_p1_221223_418961,6
bdld3_17_x6,model_1,0.09,94.68,0.8855,0.7958,0.803,122,148,1,bdld3_17_x6_model_1_multimer_v2_p1_221223_705485,1
bdld3_17_x6,model_4,0.08,89.56,0.665,0.6088,0.703,118,131,2,bdld3_17_x6_model_4_multimer_v2_p1_221223_705485,1
bdld3_17_x6,model_5,0.07,89.89,0.6345,0.5581,0.6576,113,126,3,bdld3_17_x6_model_5_multimer_v2_p1_221223_705485,1
bdld3_17_x6,model_3,0.05,85.38,0.5111,0.4422,0.5334,104,113,4,bdld3_17_x6_model_3_multimer_v2_p1_221223_705485,1
bdld3_17_x6,model_2,0.06,81.59,0.4213,0.3767,0.3269,94,91,5,bdld3_17_x6_model_2_multimer_v2_p1_221223_705485,2
bdld3_18_x6,model_5,0.41,66.46,0.3183,0.2711,0.4884,154,199,1,bdld3_18_x6_model_5_multimer_v2_p1_221223_002770,1
bdld3_18_x6,model_3,2.01,60.54,0.2861,0.219,0.3067,128,175,2,bdld3_18_x6_model_3_multimer_v2_p1_221223_002770,3
bdld3_18_x6,model_4,0.51,65.41,0.2829,0.224,0.4599,104,113,3,bdld3_18_x6_model_4_multimer_v2_p1_221223_002770,3
bdld3_18_x6,model_1,0.14,65.22,0.2712,0.2188,0.2912,126,113,4,bdld3_18_x6_model_1_multimer_v2_p1_221223_002770,3
bdld3_18_x6,model_2,9.51,56.58,0.2318,0.2253,0.0741,96,123,5,bdld3_18_x6_model_2_multimer_v2_p1_221223_002770,2
bdld3_19_x6,model_4,0.1,88.37,0.7569,0.5849,0.6764,110,105,1,bdld3_19_x6_model_4_multimer_v2_p1_221223_515102,1
bdld3_19_x6,model_1,0.08,91.26,0.6954,0.5619,0.6854,102,107,2,bdld3_19_x6_model_1_multimer_v2_p1_221223_515102,1
bdld3_19_x6,model_3,0.04,88.59,0.6077,0.508,0.6164,100,110,3,bdld3_19_x6_model_3_multimer_v2_p1_221223_515102,1
bdld3_19_x6,model_5,0.08,85.8,0.4759,0.3622,0.394,74,74,4,bdld3_19_x6_model_5_multimer_v2_p1_221223_515102,1
bdld3_19_x6,model_2,0.06,82.74,0.3655,0.2933,0.2959,84,80,5,bdld3_19_x6_model_2_multimer_v2_p1_221223_515102,1
bdld3_20_x6,model_3,3.02,64.55,0.2334,0.0985,0.0046,25,18,1,bdld3_20_x6_model_3_multimer_v2_p1_221223_028598,6
bdld3_20_x6,model_2,1.77,58.49,0.2288,0.1474,0.012,33,24,2,bdld3_20_x6_model_2_multimer_v2_p1_221223_028598,6
bdld3_20_x6,model_5,2.37,62.1,0.222,0.0496,0.0011,21,14,3,bdld3_20_x6_model_5_multimer_v2_p1_221223_028598,6
bdld3_20_x6,model_1,2,65.23,0.2204,0.0137,2e-04,9,6,4,bdld3_20_x6_model_1_multimer_v2_p1_221223_028598,6
bdld3_20_x6,model_4,4.75,57.98,0.2033,0.0218,3e-04,13,7,5,bdld3_20_x6_model_4_multimer_v2_p1_221223_028598,6
bdld3_21_x6,model_1,0.06,90.33,0.731,0.6161,0.6641,99,91,1,bdld3_21_x6_model_1_multimer_v2_p1_221223_554259,1
bdld3_21_x6,model_4,0.07,92.33,0.7014,0.5217,0.6653,80,73,2,bdld3_21_x6_model_4_multimer_v2_p1_221223_554259,1
bdld3_21_x6,model_5,0.06,83.45,0.4707,0.3613,0.4364,85,68,3,bdld3_21_x6_model_5_multimer_v2_p1_221223_554259,1
bdld3_21_x6,model_3,0.24,80.74,0.3805,0.2882,0.295,69,54,4,bdld3_21_x6_model_3_multimer_v2_p1_221223_554259,3
bdld3_21_x6,model_2,19.29,75.58,0.2625,0.2055,0.056,54,40,5,bdld3_21_x6_model_2_multimer_v2_p1_221223_554259,5
bdld3_22_x6,model_1,0.08,90.93,0.647,0.4293,0.5464,60,55,1,bdld3_22_x6_model_1_multimer_v2_p1_221223_777507,1
bdld3_22_x6,model_5,0.09,81.26,0.396,0.2714,0.2923,56,50,2,bdld3_22_x6_model_5_multimer_v2_p1_221223_777507,3
bdld3_22_x6,model_2,0.87,76.94,0.3767,0.3057,0.141,53,47,3,bdld3_22_x6_model_2_multimer_v2_p1_221223_777507,6
bdld3_22_x6,model_4,0.24,82.22,0.3592,0.239,0.2943,59,54,4,bdld3_22_x6_model_4_multimer_v2_p1_221223_777507,3
bdld3_22_x6,model_3,2,73.09,0.2651,0.1567,0.038,38,23,5,bdld3_22_x6_model_3_multimer_v2_p1_221223_777507,6
bdld3_23_x6,model_5,0.06,90.57,0.6537,0.5475,0.6714,105,115,1,bdld3_23_x6_model_5_multimer_v2_p1_221223_491866,1
bdld3_23_x6,model_4,0.06,91.04,0.647,0.5337,0.6584,104,117,2,bdld3_23_x6_model_4_multimer_v2_p1_221223_491866,1
bdld3_23_x6,model_1,0.1,87.31,0.621,0.5572,0.535,96,101,3,bdld3_23_x6_model_1_multimer_v2_p1_221223_491866,2
bdld3_23_x6,model_3,0.06,85,0.5111,0.4045,0.4761,80,88,4,bdld3_23_x6_model_3_multimer_v2_p1_221223_491866,1
bdld3_23_x6,model_2,0.31,83.74,0.4123,0.3436,0.3415,81,79,5,bdld3_23_x6_model_2_multimer_v2_p1_221223_491866,1
bdld3_24_x6,model_5,0.07,94.58,0.8054,0.6489,0.7479,94,94,1,bdld3_24_x6_model_5_multimer_v2_p1_221223_245832,1
bdld3_24_x6,model_4,0.07,94.73,0.791,0.6356,0.7419,93,91,2,bdld3_24_x6_model_4_multimer_v2_p1_221223_245832,1
bdld3_24_x6,model_1,0.07,91.12,0.7347,0.6162,0.6937,105,107,3,bdld3_24_x6_model_1_multimer_v2_p1_221223_245832,1
bdld3_24_x6,model_3,0.1,86.85,0.5394,0.4631,0.5317,96,104,4,bdld3_24_x6_model_3_multimer_v2_p1_221223_245832,1
bdld3_24_x6,model_2,0.08,86.7,0.4602,0.3734,0.4193,78,70,5,bdld3_24_x6_model_2_multimer_v2_p1_221223_245832,1
bdld3_25_x6,model_1,0.09,91.04,0.8175,0.7268,0.7254,110,132,1,bdld3_25_x6_model_1_multimer_v2_p1_221223_176885,1
bdld3_25_x6,model_3,0.08,91.29,0.812,0.6636,0.6945,100,119,2,bdld3_25_x6_model_3_multimer_v2_p1_221223_176885,1
bdld3_25_x6,model_2,0.09,82.93,0.5642,0.4904,0.4532,99,105,3,bdld3_25_x6_model_2_multimer_v2_p1_221223_176885,1
bdld3_25_x6,model_4,0.08,81.55,0.3684,0.2883,0.3446,75,77,4,bdld3_25_x6_model_4_multimer_v2_p1_221223_176885,1
bdld3_25_x6,model_5,0.06,79.95,0.3369,0.2564,0.2193,74,70,5,bdld3_25_x6_model_5_multimer_v2_p1_221223_176885,1
bdld3_26_x6,model_1,0.1,91.56,0.8095,0.7372,0.7034,104,124,1,bdld3_26_x6_model_1_multimer_v2_p1_221223_221530,1
bdld3_26_x6,model_3,0.07,82.05,0.5631,0.4881,0.4955,90,95,2,bdld3_26_x6_model_3_multimer_v2_p1_221223_221530,2
bdld3_26_x6,model_2,0.09,78.24,0.419,0.3468,0.2234,72,62,3,bdld3_26_x6_model_2_multimer_v2_p1_221223_221530,5
bdld3_26_x6,model_5,0.07,81.49,0.397,0.3119,0.3219,79,79,4,bdld3_26_x6_model_5_multimer_v2_p1_221223_221530,1
bdld3_26_x6,model_4,0.09,79.69,0.3224,0.2521,0.2853,68,63,5,bdld3_26_x6_model_4_multimer_v2_p1_221223_221530,2
bdld3_27_x6,model_5,0.09,92.42,0.8647,0.7462,0.7552,112,141,1,bdld3_27_x6_model_5_multimer_v2_p1_221223_929597,1
bdld3_27_x6,model_3,0.05,89.64,0.8059,0.6848,0.6845,105,120,2,bdld3_27_x6_model_3_multimer_v2_p1_221223_929597,1
bdld3_27_x6,model_1,0.05,86.6,0.6667,0.6109,0.6076,99,115,3,bdld3_27_x6_model_1_multimer_v2_p1_221223_929597,1
bdld3_27_x6,model_2,0.08,79.56,0.4718,0.4138,0.3475,89,85,4,bdld3_27_x6_model_2_multimer_v2_p1_221223_929597,4
bdld3_27_x6,model_4,2.65,75.37,0.213,0,0,0,0,5,bdld3_27_x6_model_4_multimer_v2_p1_221223_929597,6
bdld3_28_x6,model_4,0.05,92.39,0.8418,0.7438,0.7503,116,144,1,bdld3_28_x6_model_4_multimer_v2_p1_221223_354091,1
bdld3_28_x6,model_1,0.09,91.25,0.7626,0.657,0.6708,96,108,2,bdld3_28_x6_model_1_multimer_v2_p1_221223_354091,1
bdld3_28_x6,model_3,0.05,85.82,0.6886,0.5957,0.6095,98,114,3,bdld3_28_x6_model_3_multimer_v2_p1_221223_354091,1
bdld3_28_x6,model_2,0.07,83.04,0.5692,0.487,0.4546,93,98,4,bdld3_28_x6_model_2_multimer_v2_p1_221223_354091,2
bdld3_28_x6,model_5,0.08,80.92,0.3767,0.3014,0.2799,76,74,5,bdld3_28_x6_model_5_multimer_v2_p1_221223_354091,1
bdld3_29_x6,model_1,0.35,75.34,0.3526,0.3101,0.6826,172,195,1,bdld3_29_x6_model_1_multimer_v2_p1_221223_089021,3
bdld3_29_x6,model_4,0.49,66.37,0.3099,0.2603,0.507,167,218,2,bdld3_29_x6_model_4_multimer_v2_p1_221223_089021,1
bdld3_29_x6,model_3,5.82,61.28,0.2974,0.2481,0.4148,176,234,3,bdld3_29_x6_model_3_multimer_v2_p1_221223_089021,1
bdld3_29_x6,model_2,2.26,51.66,0.1897,0.1354,0.0178,45,36,4,bdld3_29_x6_model_2_multimer_v2_p1_221223_089021,5
bdld3_29_x6,model_5,4.39,45,0.1596,0.1252,0.0126,38,31,5,bdld3_29_x6_model_5_multimer_v2_p1_221223_089021,5
bdld3_30_x6,model_1,0.05,89.99,0.754,0.6284,0.6058,78,82,1,bdld3_30_x6_model_1_multimer_v2_p1_221223_475786,3
bdld3_30_x6,model_4,0.07,91.98,0.6317,0.4814,0.583,83,95,2,bdld3_30_x6_model_4_multimer_v2_p1_221223_475786,1
bdld3_30_x6,model_5,0.09,86.23,0.4676,0.3805,0.4425,92,102,3,bdld3_30_x6_model_5_multimer_v2_p1_221223_475786,1
bdld3_30_x6,model_2,0.05,81.58,0.3169,0.2582,0.1842,75,63,4,bdld3_30_x6_model_2_multimer_v2_p1_221223_475786,2
bdld3_30_x6,model_3,0.09,77.76,0.2756,0.007,0.001,7,4,5,bdld3_30_x6_model_3_multimer_v2_p1_221223_475786,6
bdld3_31_x6,model_1,0.09,95.88,0.9179,0.7899,0.8068,93,106,1,bdld3_31_x6_model_1_multimer_v2_p1_221223_845848,3
bdld3_31_x6,model_3,0.06,92.4,0.8456,0.7275,0.7085,88,100,2,bdld3_31_x6_model_3_multimer_v2_p1_221223_845848,3
bdld3_31_x6,model_5,0.1,89.78,0.7937,0.6675,0.6677,103,120,3,bdld3_31_x6_model_5_multimer_v2_p1_221223_845848,2
bdld3_31_x6,model_2,0.08,84.19,0.5941,0.5031,0.4358,79,78,4,bdld3_31_x6_model_2_multimer_v2_p1_221223_845848,3
bdld3_31_x6,model_4,0.06,90.76,0.5835,0.459,0.5693,89,95,5,bdld3_31_x6_model_4_multimer_v2_p1_221223_845848,1
bdld3_32_x6,model_1,0.06,94.11,0.8777,0.712,0.751,91,97,1,bdld3_32_x6_model_1_multimer_v2_p1_221223_953991,3
bdld3_32_x6,model_3,0.1,91.45,0.6577,0.4874,0.5992,75,80,2,bdld3_32_x6_model_3_multimer_v2_p1_221223_953991,1
bdld3_32_x6,model_4,0.07,90.58,0.5877,0.4425,0.5549,86,101,3,bdld3_32_x6_model_4_multimer_v2_p1_221223_953991,1
bdld3_32_x6,model_5,0.07,85.57,0.4387,0.3534,0.4372,90,98,4,bdld3_32_x6_model_5_multimer_v2_p1_221223_953991,1
bdld3_32_x6,model_2,0.07,82.06,0.3212,0.2639,0.1891,73,64,5,bdld3_32_x6_model_2_multimer_v2_p1_221223_953991,2
bdld3_33_x6,model_2,0.08,88.86,0.7038,0.6046,0.5771,99,94,1,bdld3_33_x6_model_2_multimer_v2_p1_221223_170686,3
bdld3_33_x6,model_1,0.06,81.98,0.3987,0.2895,0.2174,40,32,2,bdld3_33_x6_model_1_multimer_v2_p1_221223_170686,6
bdld3_33_x6,model_3,0.13,76.63,0.3229,0.2381,0.0897,47,35,3,bdld3_33_x6_model_3_multimer_v2_p1_221223_170686,6
bdld3_33_x6,model_5,0.06,78.26,0.3216,0.2426,0.1826,62,58,4,bdld3_33_x6_model_5_multimer_v2_p1_221223_170686,2
bdld3_33_x6,model_4,0.86,77.22,0.2213,0.0034,0,4,2,5,bdld3_33_x6_model_4_multimer_v2_p1_221223_170686,6
bdld3_34_x6,model_1,0.08,91.86,0.6765,0.4786,0.5896,87,78,1,bdld3_34_x6_model_1_multimer_v2_p1_221223_365161,1
bdld3_34_x6,model_5,0.09,90.03,0.6232,0.4532,0.5482,87,85,2,bdld3_34_x6_model_5_multimer_v2_p1_221223_365161,1
bdld3_34_x6,model_4,0.07,85.81,0.4574,0.2899,0.3452,70,60,3,bdld3_34_x6_model_4_multimer_v2_p1_221223_365161,1
bdld3_34_x6,model_3,0.09,83.84,0.4123,0.3012,0.3486,76,65,4,bdld3_34_x6_model_3_multimer_v2_p1_221223_365161,1
bdld3_34_x6,model_2,0.47,84.44,0.4051,0.3279,0.304,76,75,5,bdld3_34_x6_model_2_multimer_v2_p1_221223_365161,2
bdld3_35_x6,model_1,0.1,94.76,0.8882,0.7705,0.7772,117,123,1,bdld3_35_x6_model_1_multimer_v2_p1_221223_638243,1
bdld3_35_x6,model_2,0.07,91.59,0.7492,0.6501,0.6731,108,118,2,bdld3_35_x6_model_2_multimer_v2_p1_221223_638243,1
bdld3_35_x6,model_5,0.1,89.54,0.6181,0.4506,0.5347,89,82,3,bdld3_35_x6_model_5_multimer_v2_p1_221223_638243,1
bdld3_35_x6,model_3,0.08,87.24,0.5075,0.3632,0.4617,82,73,4,bdld3_35_x6_model_3_multimer_v2_p1_221223_638243,1
bdld3_35_x6,model_4,0.11,85.83,0.459,0.2993,0.3498,71,58,5,bdld3_35_x6_model_4_multimer_v2_p1_221223_638243,2
bdld3_36_x6,model_1,0.07,91.31,0.8141,0.692,0.7124,104,116,1,bdld3_36_x6_model_1_multimer_v2_p1_221223_382162,1
bdld3_36_x6,model_2,0.1,83.99,0.6,0.5065,0.4568,105,110,2,bdld3_36_x6_model_2_multimer_v2_p1_221223_382162,3
bdld3_36_x6,model_5,0.05,81.65,0.5941,0.5412,0.5026,88,97,3,bdld3_36_x6_model_5_multimer_v2_p1_221223_382162,4
bdld3_36_x6,model_4,0.07,79.76,0.3358,0.2525,0.2731,75,70,4,bdld3_36_x6_model_4_multimer_v2_p1_221223_382162,1
bdld3_36_x6,model_3,1.35,68.89,0.2303,0.1483,0.0199,54,41,5,bdld3_36_x6_model_3_multimer_v2_p1_221223_382162,6
bdld3_37_x6,model_5,0.05,94.67,0.7885,0.624,0.7064,88,85,1,bdld3_37_x6_model_5_multimer_v2_p1_221223_918490,1
bdld3_37_x6,model_1,0.07,91.86,0.709,0.5474,0.6369,89,84,2,bdld3_37_x6_model_1_multimer_v2_p1_221223_918490,1
bdld3_37_x6,model_3,0.62,71.93,0.2412,0.0422,0.0017,16,10,3,bdld3_37_x6_model_3_multimer_v2_p1_221223_918490,6
bdld3_37_x6,model_4,1.11,73.84,0.2212,0,0,0,0,4,bdld3_37_x6_model_4_multimer_v2_p1_221223_918490,6
bdld3_37_x6,model_2,0.9,76.67,0.2185,0.0077,1e-04,6,4,5,bdld3_37_x6_model_2_multimer_v2_p1_221223_918490,6
bdld3_38_x6,model_1,0.09,92.01,0.8281,0.683,0.7034,77,83,1,bdld3_38_x6_model_1_multimer_v2_p1_221223_757621,4
bdld3_38_x6,model_5,0.04,88.26,0.5774,0.4216,0.5258,69,64,2,bdld3_38_x6_model_5_multimer_v2_p1_221223_757621,1
bdld3_38_x6,model_2,0.1,82.19,0.5058,0.436,0.358,66,63,3,bdld3_38_x6_model_2_multimer_v2_p1_221223_757621,6
bdld3_38_x6,model_3,0.08,78.76,0.2999,0.1894,0.1014,37,28,4,bdld3_38_x6_model_3_multimer_v2_p1_221223_757621,6
bdld3_38_x6,model_4,5.1,77.18,0.2162,0.0223,2e-04,13,9,5,bdld3_38_x6_model_4_multimer_v2_p1_221223_757621,6
bdld3_39_x6,model_1,0.08,94.21,0.8898,0.7318,0.7471,79,94,1,bdld3_39_x6_model_1_multimer_v2_p1_221223_978448,3
bdld3_39_x6,model_2,0.06,91.61,0.7882,0.6425,0.6267,84,91,2,bdld3_39_x6_model_2_multimer_v2_p1_221223_978448,2
bdld3_39_x6,model_3,0.14,93.76,0.7554,0.4633,0.5988,60,60,3,bdld3_39_x6_model_3_multimer_v2_p1_221223_978448,1
bdld3_39_x6,model_5,16.65,84.75,0.6212,0.5013,0.4198,76,80,4,bdld3_39_x6_model_5_multimer_v2_p1_221223_978448,4
bdld3_39_x6,model_4,1.58,77,0.2248,0.0083,1e-04,6,3,5,bdld3_39_x6_model_4_multimer_v2_p1_221223_978448,6
bdld3_40_x6,model_4,0.1,95.86,0.8649,0.7547,0.8405,115,110,1,bdld3_40_x6_model_4_multimer_v2_p1_221223_504543,1
bdld3_40_x6,model_2,0.08,96.28,0.8576,0.752,0.8369,116,111,2,bdld3_40_x6_model_2_multimer_v2_p1_221223_504543,1
bdld3_40_x6,model_1,0.08,94.88,0.8418,0.7407,0.8299,125,120,3,bdld3_40_x6_model_1_multimer_v2_p1_221223_504543,1
bdld3_40_x6,model_5,0.06,93.01,0.8351,0.7279,0.8132,120,109,4,bdld3_40_x6_model_5_multimer_v2_p1_221223_504543,1
bdld3_40_x6,model_3,0.1,93.49,0.803,0.705,0.7867,126,121,5,bdld3_40_x6_model_3_multimer_v2_p1_221223_504543,1
bdld3_41_x6,model_5,0.09,92.55,0.6927,0.4977,0.5942,70,64,1,bdld3_41_x6_model_5_multimer_v2_p1_221223_710510,1
bdld3_41_x6,model_2,0.06,89.67,0.6849,0.5902,0.5651,97,88,2,bdld3_41_x6_model_2_multimer_v2_p1_221223_710510,2
bdld3_41_x6,model_3,6.78,75,0.2374,0.0254,6e-04,15,10,3,bdld3_41_x6_model_3_multimer_v2_p1_221223_710510,6
bdld3_41_x6,model_4,0.9,76.03,0.2324,0.1835,0.0217,43,28,4,bdld3_41_x6_model_4_multimer_v2_p1_221223_710510,6
bdld3_41_x6,model_1,4.98,78.36,0.2261,0,0,0,0,5,bdld3_41_x6_model_1_multimer_v2_p1_221223_710510,6
bdld3_42_x6,model_3,0.08,94.56,0.8915,0.771,0.7824,93,99,1,bdld3_42_x6_model_3_multimer_v2_p1_221223_096245,3
bdld3_42_x6,model_1,0.04,93.3,0.8159,0.6891,0.7036,77,81,2,bdld3_42_x6_model_1_multimer_v2_p1_221223_096245,3
bdld3_42_x6,model_2,0.1,91.01,0.742,0.6049,0.6344,80,88,3,bdld3_42_x6_model_2_multimer_v2_p1_221223_096245,2
bdld3_42_x6,model_4,0.03,94.8,0.7339,0.5495,0.6786,70,80,4,bdld3_42_x6_model_4_multimer_v2_p1_221223_096245,1
bdld3_42_x6,model_5,0.08,91.72,0.6531,0.4876,0.6139,65,74,5,bdld3_42_x6_model_5_multimer_v2_p1_221223_096245,1
bdld3_43_x6,model_1,0.09,92.27,0.8319,0.719,0.7022,93,92,1,bdld3_43_x6_model_1_multimer_v2_p1_221223_599900,1
bdld3_43_x6,model_3,0.07,88.56,0.7567,0.6462,0.6345,102,111,2,bdld3_43_x6_model_3_multimer_v2_p1_221223_599900,1
bdld3_43_x6,model_5,0.05,85.21,0.4633,0.3585,0.3772,69,79,3,bdld3_43_x6_model_5_multimer_v2_p1_221223_599900,1
bdld3_43_x6,model_2,1.31,78.96,0.3899,0.3469,0.168,51,40,4,bdld3_43_x6_model_2_multimer_v2_p1_221223_599900,6
bdld3_43_x6,model_4,0.82,74.17,0.2153,0.0014,0,2,1,5,bdld3_43_x6_model_4_multimer_v2_p1_221223_599900,6
bdld3_44_x6,model_1,0.08,92.94,0.8743,0.7484,0.7778,97,97,1,bdld3_44_x6_model_1_multimer_v2_p1_221223_713036,2
bdld3_44_x6,model_5,0.05,89.91,0.7303,0.5563,0.6652,86,79,2,bdld3_44_x6_model_5_multimer_v2_p1_221223_713036,1
bdld3_44_x6,model_2,0.29,81.15,0.5592,0.509,0.4245,84,69,3,bdld3_44_x6_model_2_multimer_v2_p1_221223_713036,5
bdld3_44_x6,model_3,0.4,88.59,0.5454,0.2657,0.3709,41,38,4,bdld3_44_x6_model_3_multimer_v2_p1_221223_713036,6
bdld3_44_x6,model_4,1.62,76.82,0.2167,0.003,0,4,2,5,bdld3_44_x6_model_4_multimer_v2_p1_221223_713036,6
bdld3_45_x6,model_3,0.09,85.86,0.6939,0.5993,0.5818,88,111,1,bdld3_45_x6_model_3_multimer_v2_p1_221223_924022,1
bdld3_45_x6,model_2,0.07,87.49,0.6669,0.5533,0.5022,95,108,2,bdld3_45_x6_model_2_multimer_v2_p1_221223_924022,1
bdld3_45_x6,model_1,0.09,86.2,0.6422,0.548,0.5159,81,88,3,bdld3_45_x6_model_1_multimer_v2_p1_221223_924022,2
bdld3_45_x6,model_4,0.09,83.59,0.4112,0.3358,0.418,87,88,4,bdld3_45_x6_model_4_multimer_v2_p1_221223_924022,1
bdld3_45_x6,model_5,0.06,81.87,0.3767,0.2715,0.2867,71,74,5,bdld3_45_x6_model_5_multimer_v2_p1_221223_924022,1
bdld3_46_x6,model_1,0.07,89.68,0.7689,0.6634,0.6602,105,122,1,bdld3_46_x6_model_1_multimer_v2_p1_221223_556766,1
bdld3_46_x6,model_2,0.07,86.2,0.6465,0.5429,0.5128,106,116,2,bdld3_46_x6_model_2_multimer_v2_p1_221223_556766,1
bdld3_46_x6,model_3,0.58,76.43,0.3706,0.2879,0.1974,52,43,3,bdld3_46_x6_model_3_multimer_v2_p1_221223_556766,5
bdld3_46_x6,model_5,0.33,78.5,0.3013,0.2467,0.1295,40,27,4,bdld3_46_x6_model_5_multimer_v2_p1_221223_556766,6
bdld3_46_x6,model_4,0.36,74.37,0.2557,0.0321,0.0041,17,9,5,bdld3_46_x6_model_4_multimer_v2_p1_221223_556766,6
bdld3_47_x6,model_1,0.05,86.33,0.5407,0.3923,0.4827,77,72,1,bdld3_47_x6_model_1_multimer_v2_p1_221223_238668,1
bdld3_47_x6,model_4,0.06,81.31,0.358,0.2635,0.296,65,62,2,bdld3_47_x6_model_4_multimer_v2_p1_221223_238668,1
bdld3_47_x6,model_3,0.07,77.7,0.2962,0.025,0.0105,20,15,3,bdld3_47_x6_model_3_multimer_v2_p1_221223_238668,6
bdld3_47_x6,model_5,0.08,74.27,0.2625,0.1752,0.0365,29,20,4,bdld3_47_x6_model_5_multimer_v2_p1_221223_238668,6
bdld3_47_x6,model_2,19.22,74.1,0.2333,0.0014,0,2,1,5,bdld3_47_x6_model_2_multimer_v2_p1_221223_238668,6
bdld3_48_x6,model_3,0.08,81.92,0.6027,0.5145,0.4605,91,83,1,bdld3_48_x6_model_3_multimer_v2_p1_221223_849366,4
bdld3_48_x6,model_4,2.18,72.35,0.2277,0.0145,1e-04,9,6,2,bdld3_48_x6_model_4_multimer_v2_p1_221223_849366,6
bdld3_48_x6,model_5,0.81,75.3,0.2263,0.0054,1e-04,6,3,3,bdld3_48_x6_model_5_multimer_v2_p1_221223_849366,6
bdld3_48_x6,model_1,0.59,74.95,0.224,0.0119,1e-04,8,4,4,bdld3_48_x6_model_1_multimer_v2_p1_221223_849366,6
bdld3_48_x6,model_2,1.56,66.78,0.2149,0.0242,2e-04,12,8,5,bdld3_48_x6_model_2_multimer_v2_p1_221223_849366,6
bdld3_49_x6,model_1,0.08,86.02,0.6333,0.5003,0.4752,96,92,1,bdld3_49_x6_model_1_multimer_v2_p1_221223_325968,2
bdld3_49_x6,model_5,0.08,84.21,0.5689,0.4719,0.4375,92,88,2,bdld3_49_x6_model_5_multimer_v2_p1_221223_325968,2
bdld3_49_x6,model_3,0.09,77.39,0.3997,0.2971,0.209,70,62,3,bdld3_49_x6_model_3_multimer_v2_p1_221223_325968,6
bdld3_49_x6,model_2,15.06,75.03,0.226,0.0033,0,4,2,4,bdld3_49_x6_model_2_multimer_v2_p1_221223_325968,6
bdld3_49_x6,model_4,1.57,75.47,0.2219,0.0292,3e-04,14,8,5,bdld3_49_x6_model_4_multimer_v2_p1_221223_325968,6
bdld3_50_x6,model_4,0.09,91.75,0.6783,0.4969,0.6293,79,76,1,bdld3_50_x6_model_4_multimer_v2_p1_221223_822635,1
bdld3_50_x6,model_2,0.09,88.13,0.673,0.5355,0.5053,106,110,2,bdld3_50_x6_model_2_multimer_v2_p1_221223_822635,1
bdld3_50_x6,model_5,0.09,89.56,0.6277,0.4947,0.6082,90,94,3,bdld3_50_x6_model_5_multimer_v2_p1_221223_822635,1
bdld3_50_x6,model_3,0.05,84.11,0.5938,0.4798,0.5001,93,99,4,bdld3_50_x6_model_3_multimer_v2_p1_221223_822635,1
bdld3_50_x6,model_1,0.08,86.35,0.4577,0.3612,0.3967,89,90,5,bdld3_50_x6_model_1_multimer_v2_p1_221223_822635,1
bdld3_51_x6,model_2,0.09,90.02,0.7466,0.665,0.637,105,117,1,bdld3_51_x6_model_2_multimer_v2_p1_221223_663582,1
bdld3_51_x6,model_5,1.22,90.71,0.6359,0.4455,0.537,65,74,2,bdld3_51_x6_model_5_multimer_v2_p1_221223_663582,1
bdld3_51_x6,model_3,0.09,90.5,0.5949,0.3152,0.4293,53,57,3,bdld3_51_x6_model_3_multimer_v2_p1_221223_663582,2
bdld3_51_x6,model_1,0.1,87.37,0.4274,0.2239,0.243,41,35,4,bdld3_51_x6_model_1_multimer_v2_p1_221223_663582,6
bdld3_51_x6,model_4,0.08,80.79,0.3958,0.2763,0.2072,61,58,5,bdld3_51_x6_model_4_multimer_v2_p1_221223_663582,6
bdld3_52_x6,model_1,0.07,94.88,0.7554,0.4844,0.6088,66,61,1,bdld3_52_x6_model_1_multimer_v2_p1_221223_318978,1
bdld3_52_x6,model_3,0.58,79.27,0.3635,0.2643,0.3058,71,59,2,bdld3_52_x6_model_3_multimer_v2_p1_221223_318978,2
bdld3_52_x6,model_2,0.36,79.05,0.3351,0.1934,0.0913,37,23,3,bdld3_52_x6_model_2_multimer_v2_p1_221223_318978,6
bdld3_52_x6,model_4,0.09,83.59,0.3225,0.2047,0.2135,60,46,4,bdld3_52_x6_model_4_multimer_v2_p1_221223_318978,4
bdld3_52_x6,model_5,1.49,79.44,0.2171,0,0,0,0,5,bdld3_52_x6_model_5_multimer_v2_p1_221223_318978,6
bdld3_53_x6,model_3,0.44,77.92,0.2481,0.1246,0.0135,27,21,1,bdld3_53_x6_model_3_multimer_v2_p1_221223_919055,6
bdld3_53_x6,model_5,3.1,78.48,0.23,0.0079,1e-04,5,3,2,bdld3_53_x6_model_5_multimer_v2_p1_221223_919055,6
bdld3_53_x6,model_1,2.97,80.06,0.2261,0.0071,1e-04,5,3,3,bdld3_53_x6_model_1_multimer_v2_p1_221223_919055,6
bdld3_53_x6,model_4,18.12,77.98,0.2231,0.0095,1e-04,8,5,4,bdld3_53_x6_model_4_multimer_v2_p1_221223_919055,6
bdld3_53_x6,model_2,39.5,77.09,0.2181,0,0,0,0,5,bdld3_53_x6_model_2_multimer_v2_p1_221223_919055,6
bdld3_54_x6,model_2,0.08,88.55,0.7102,0.5934,0.5879,83,81,1,bdld3_54_x6_model_2_multimer_v2_p1_221223_864491,4
bdld3_54_x6,model_1,0.08,88.5,0.6953,0.5917,0.5768,70,73,2,bdld3_54_x6_model_1_multimer_v2_p1_221223_864491,4
bdld3_54_x6,model_5,0.09,87.44,0.5501,0.3937,0.49,67,59,3,bdld3_54_x6_model_5_multimer_v2_p1_221223_864491,1
bdld3_54_x6,model_4,5.12,77.22,0.3011,0.2417,0.3844,76,68,4,bdld3_54_x6_model_4_multimer_v2_p1_221223_864491,3
bdld3_54_x6,model_3,0.29,76.98,0.2798,0.1543,0.0644,31,24,5,bdld3_54_x6_model_3_multimer_v2_p1_221223_864491,6
bdld3_55_x6,model_1,0.07,90.79,0.8027,0.714,0.6971,96,116,1,bdld3_55_x6_model_1_multimer_v2_p1_221223_909611,1
bdld3_55_x6,model_3,0.06,87.18,0.7678,0.6695,0.6579,106,121,2,bdld3_55_x6_model_3_multimer_v2_p1_221223_909611,1
bdld3_55_x6,model_2,0.09,89.77,0.7285,0.642,0.6128,108,120,3,bdld3_55_x6_model_2_multimer_v2_p1_221223_909611,1
bdld3_55_x6,model_4,0.05,86.07,0.4768,0.3994,0.5098,98,105,4,bdld3_55_x6_model_4_multimer_v2_p1_221223_909611,1
bdld3_55_x6,model_5,0.09,79.94,0.3617,0.2711,0.2506,66,69,5,bdld3_55_x6_model_5_multimer_v2_p1_221223_909611,1
bdld3_56_x6,model_4,0.08,86.37,0.4914,0.4081,0.5363,100,103,1,bdld3_56_x6_model_4_multimer_v2_p1_221223_568345,1
bdld3_56_x6,model_2,0.06,78.5,0.4125,0.3256,0.2181,72,65,2,bdld3_56_x6_model_2_multimer_v2_p1_221223_568345,5
bdld3_56_x6,model_3,0.07,78.37,0.4072,0.3304,0.2796,70,70,3,bdld3_56_x6_model_3_multimer_v2_p1_221223_568345,3
bdld3_56_x6,model_5,0.1,80.9,0.3748,0.2781,0.2698,67,72,4,bdld3_56_x6_model_5_multimer_v2_p1_221223_568345,1
bdld3_56_x6,model_1,0.17,78.09,0.3562,0.3081,0.1442,43,38,5,bdld3_56_x6_model_1_multimer_v2_p1_221223_568345,4
bdld3_57_x6,model_5,0.85,38.27,0.3686,0.3782,0.4662,183,275,1,bdld3_57_x6_model_5_multimer_v2_p1_221223_467570,1
bdld3_57_x6,model_4,0.63,36.82,0.2679,0.2348,0.193,190,249,2,bdld3_57_x6_model_4_multimer_v2_p1_221223_467570,1
bdld3_57_x6,model_1,0.71,35.98,0.2595,0.2327,0.1987,169,215,3,bdld3_57_x6_model_1_multimer_v2_p1_221223_467570,1
bdld3_57_x6,model_2,2.1,32.78,0.238,0.2376,0.1638,126,135,4,bdld3_57_x6_model_2_multimer_v2_p1_221223_467570,1
bdld3_57_x6,model_3,2.86,31.65,0.1897,0.1174,0.0333,63,42,5,bdld3_57_x6_model_3_multimer_v2_p1_221223_467570,5
bdld3_58_x6,model_1,0.71,45.73,0.2712,0.2033,0.1805,155,134,1,bdld3_58_x6_model_1_multimer_v2_p1_221223_754469,1
bdld3_58_x6,model_2,5.63,43.21,0.2421,0.2178,0.1,163,179,2,bdld3_58_x6_model_2_multimer_v2_p1_221223_754469,1
bdld3_58_x6,model_4,0.6,39.51,0.223,0.1873,0.1378,141,128,3,bdld3_58_x6_model_4_multimer_v2_p1_221223_754469,1
bdld3_58_x6,model_3,2.19,37.08,0.2172,0.1689,0.1129,180,155,4,bdld3_58_x6_model_3_multimer_v2_p1_221223_754469,1
bdld3_58_x6,model_5,1.77,35.66,0.2144,0.1869,0.121,159,148,5,bdld3_58_x6_model_5_multimer_v2_p1_221223_754469,1
bdld3_59_x6,model_4,1.44,59.98,0.3036,0.2595,0.6383,143,163,1,bdld3_59_x6_model_4_multimer_v2_p1_221223_120702,3
bdld3_59_x6,model_3,0.39,50.89,0.2931,0.2639,0.6074,167,185,2,bdld3_59_x6_model_3_multimer_v2_p1_221223_120702,2
bdld3_59_x6,model_5,0.81,35.8,0.2394,0.2375,0.4142,255,391,3,bdld3_59_x6_model_5_multimer_v2_p1_221223_120702,1
bdld3_59_x6,model_1,1.09,39.82,0.2311,0.227,0.4694,267,415,4,bdld3_59_x6_model_1_multimer_v2_p1_221223_120702,2
bdld3_59_x6,model_2,2.65,33.1,0.2191,0.2328,0.4034,220,359,5,bdld3_59_x6_model_2_multimer_v2_p1_221223_120702,2
bdld3_60_x6,model_3,1.41,75.65,0.2819,0.114,0.0132,25,19,1,bdld3_60_x6_model_3_multimer_v2_p1_221223_346022,6
bdld3_60_x6,model_5,2.85,75.7,0.252,0.2085,0.04,32,26,2,bdld3_60_x6_model_5_multimer_v2_p1_221223_346022,6
bdld3_60_x6,model_2,2,75.72,0.2267,0.0307,2e-04,10,8,3,bdld3_60_x6_model_2_multimer_v2_p1_221223_346022,6
bdld3_60_x6,model_1,1.09,76.27,0.2203,0.011,1e-04,6,4,4,bdld3_60_x6_model_1_multimer_v2_p1_221223_346022,6
bdld3_60_x6,model_4,7.28,78.26,0.2164,0,0,0,0,5,bdld3_60_x6_model_4_multimer_v2_p1_221223_346022,6
bdld3_61_x6,model_5,0.09,93.36,0.7641,0.5824,0.7143,85,82,1,bdld3_61_x6_model_5_multimer_v2_p1_221223_583884,1
bdld3_61_x6,model_4,0.08,92.83,0.7448,0.5687,0.6983,83,80,2,bdld3_61_x6_model_4_multimer_v2_p1_221223_583884,1
bdld3_61_x6,model_1,0.06,90.98,0.7291,0.6009,0.6731,85,86,3,bdld3_61_x6_model_1_multimer_v2_p1_221223_583884,1
bdld3_61_x6,model_2,0.09,89.69,0.7167,0.6314,0.6629,103,110,4,bdld3_61_x6_model_2_multimer_v2_p1_221223_583884,2
bdld3_61_x6,model_3,0.1,89.74,0.6258,0.4839,0.6204,83,83,5,bdld3_61_x6_model_3_multimer_v2_p1_221223_583884,1
bdld3_62_x6,model_5,0.07,85.24,0.7282,0.624,0.6054,103,115,1,bdld3_62_x6_model_5_multimer_v2_p1_221223_969752,1
bdld3_62_x6,model_1,0.1,85.23,0.6895,0.6242,0.6041,98,103,2,bdld3_62_x6_model_1_multimer_v2_p1_221223_969752,1
bdld3_62_x6,model_2,0.08,84.84,0.6472,0.5672,0.5386,107,106,3,bdld3_62_x6_model_2_multimer_v2_p1_221223_969752,1
bdld3_62_x6,model_3,0.9,69.53,0.2232,0.0517,0.0014,22,12,4,bdld3_62_x6_model_3_multimer_v2_p1_221223_969752,6
bdld3_62_x6,model_4,2.92,69.52,0.2192,0,0,0,0,5,bdld3_62_x6_model_4_multimer_v2_p1_221223_969752,6
bdld3_63_x6,model_4,0.08,97.04,0.8369,0.66,0.7604,79,83,1,bdld3_63_x6_model_4_multimer_v2_p1_221223_707705,1
bdld3_63_x6,model_1,0.05,96.95,0.8251,0.655,0.766,80,80,2,bdld3_63_x6_model_1_multimer_v2_p1_221223_707705,1
bdld3_63_x6,model_3,0.05,96.07,0.7777,0.6002,0.7175,75,77,3,bdld3_63_x6_model_3_multimer_v2_p1_221223_707705,1
bdld3_63_x6,model_5,0.05,91.53,0.7145,0.4825,0.5481,78,88,4,bdld3_63_x6_model_5_multimer_v2_p1_221223_707705,1
bdld3_63_x6,model_2,0.1,84.08,0.359,0.2279,0.2116,67,63,5,bdld3_63_x6_model_2_multimer_v2_p1_221223_707705,5
bdld3_64_x6,model_3,0.06,94.31,0.8966,0.7671,0.7702,95,111,1,bdld3_64_x6_model_3_multimer_v2_p1_221223_819782,3
bdld3_64_x6,model_1,0.09,89.51,0.7573,0.641,0.6197,82,86,2,bdld3_64_x6_model_1_multimer_v2_p1_221223_819782,3
bdld3_64_x6,model_4,0.08,89.48,0.5586,0.4296,0.5315,85,92,3,bdld3_64_x6_model_4_multimer_v2_p1_221223_819782,1
bdld3_64_x6,model_5,0.08,82.94,0.4828,0.4135,0.4134,79,83,4,bdld3_64_x6_model_5_multimer_v2_p1_221223_819782,2
bdld3_64_x6,model_2,0.2,80.85,0.3109,0.2548,0.1786,78,64,5,bdld3_64_x6_model_2_multimer_v2_p1_221223_819782,2
bdld3_65_x6,model_1,0.06,90.86,0.8012,0.7141,0.676,105,122,1,bdld3_65_x6_model_1_multimer_v2_p1_221223_092736,1
bdld3_65_x6,model_3,0.08,87.64,0.7717,0.6753,0.6237,104,119,2,bdld3_65_x6_model_3_multimer_v2_p1_221223_092736,1
bdld3_65_x6,model_2,0.09,82.74,0.5467,0.4696,0.4031,95,102,3,bdld3_65_x6_model_2_multimer_v2_p1_221223_092736,2
bdld3_65_x6,model_5,0.36,77.39,0.2825,0.2437,0.0893,46,36,4,bdld3_65_x6_model_5_multimer_v2_p1_221223_092736,5
bdld3_65_x6,model_4,0.06,76.31,0.2732,0.2072,0.1428,61,55,5,bdld3_65_x6_model_4_multimer_v2_p1_221223_092736,4
bdld3_66_x6,model_3,0.6,66.45,0.2709,0.1756,0.0457,73,69,1,bdld3_66_x6_model_3_multimer_v2_p1_221223_708891,3
bdld3_66_x6,model_4,0.57,65.1,0.2483,0.1121,0.0064,26,18,2,bdld3_66_x6_model_4_multimer_v2_p1_221223_708891,6
bdld3_66_x6,model_2,0.95,65.82,0.2397,0.142,0.0084,31,22,3,bdld3_66_x6_model_2_multimer_v2_p1_221223_708891,6
bdld3_66_x6,model_1,1.57,64.88,0.23,0.0496,0.0014,19,13,4,bdld3_66_x6_model_1_multimer_v2_p1_221223_708891,6
bdld3_66_x6,model_5,1.8,61.05,0.2261,0.1891,0.0162,42,32,5,bdld3_66_x6_model_5_multimer_v2_p1_221223_708891,4
bdld3_67_x6,model_1,0.07,89.47,0.8132,0.704,0.7097,103,105,1,bdld3_67_x6_model_1_multimer_v2_p1_221223_287116,2
bdld3_67_x6,model_3,0.08,82.53,0.5627,0.4799,0.5338,84,81,2,bdld3_67_x6_model_3_multimer_v2_p1_221223_287116,2
bdld3_67_x6,model_5,0.1,83.19,0.475,0.3663,0.435,84,91,3,bdld3_67_x6_model_5_multimer_v2_p1_221223_287116,1
bdld3_67_x6,model_2,1.25,76.33,0.3656,0.2861,0.18,51,39,4,bdld3_67_x6_model_2_multimer_v2_p1_221223_287116,5
bdld3_67_x6,model_4,0.1,81.8,0.3655,0.2742,0.3111,70,67,5,bdld3_67_x6_model_4_multimer_v2_p1_221223_287116,1
bdld3_68_x6,model_5,0.07,94.81,0.7986,0.566,0.6889,75,75,1,bdld3_68_x6_model_5_multimer_v2_p1_221223_465650,1
bdld3_68_x6,model_3,3.26,82.28,0.4526,0.3728,0.258,68,63,2,bdld3_68_x6_model_3_multimer_v2_p1_221223_465650,3
bdld3_68_x6,model_1,2.61,70.56,0.2431,0.0818,0.0061,25,14,3,bdld3_68_x6_model_1_multimer_v2_p1_221223_465650,6
bdld3_68_x6,model_4,1.09,66.81,0.2429,0.1453,0.0301,37,29,4,bdld3_68_x6_model_4_multimer_v2_p1_221223_465650,5
bdld3_68_x6,model_2,13.68,73.47,0.2257,0.0034,0,4,2,5,bdld3_68_x6_model_2_multimer_v2_p1_221223_465650,6
bdld3_69_x6,model_1,0.07,93.96,0.8283,0.6566,0.6559,73,76,1,bdld3_69_x6_model_1_multimer_v2_p1_221223_398339,3
bdld3_69_x6,model_3,0.06,90.71,0.5447,0.234,0.3228,35,35,2,bdld3_69_x6_model_3_multimer_v2_p1_221223_398339,6
bdld3_69_x6,model_5,0.04,86.7,0.4768,0.352,0.3897,59,67,3,bdld3_69_x6_model_5_multimer_v2_p1_221223_398339,1
bdld3_69_x6,model_2,5.02,79.77,0.3346,0.2301,0.0728,36,25,4,bdld3_69_x6_model_2_multimer_v2_p1_221223_398339,6
bdld3_69_x6,model_4,1.53,79.98,0.2169,0,0,0,0,5,bdld3_69_x6_model_4_multimer_v2_p1_221223_398339,6
bdld3_70_x6,model_5,0.06,94.58,0.7822,0.6234,0.7108,92,87,1,bdld3_70_x6_model_5_multimer_v2_p1_221223_209150,1
bdld3_70_x6,model_1,0.1,91.04,0.6559,0.517,0.5965,93,88,2,bdld3_70_x6_model_1_multimer_v2_p1_221223_209150,1
bdld3_70_x6,model_3,1.09,73.42,0.2759,0.1917,0.0707,47,37,3,bdld3_70_x6_model_3_multimer_v2_p1_221223_209150,6
bdld3_70_x6,model_4,0.42,73.56,0.2207,0,0,0,0,4,bdld3_70_x6_model_4_multimer_v2_p1_221223_209150,6
bdld3_70_x6,model_2,8.34,77.7,0.2148,0.0033,0,4,2,5,bdld3_70_x6_model_2_multimer_v2_p1_221223_209150,6
bdld3_71_x6,model_3,0.06,91.42,0.8343,0.6826,0.7004,109,104,1,bdld3_71_x6_model_3_multimer_v2_p1_221223_754757,1
bdld3_71_x6,model_2,0.06,89.55,0.7286,0.6156,0.6034,106,98,2,bdld3_71_x6_model_2_multimer_v2_p1_221223_754757,1
bdld3_71_x6,model_5,0.1,89.97,0.6041,0.4585,0.5235,78,77,3,bdld3_71_x6_model_5_multimer_v2_p1_221223_754757,1
bdld3_71_x6,model_1,0.09,85.13,0.4881,0.4184,0.3539,85,82,4,bdld3_71_x6_model_1_multimer_v2_p1_221223_754757,1
bdld3_71_x6,model_4,1.74,78.41,0.2163,0,0,0,0,5,bdld3_71_x6_model_4_multimer_v2_p1_221223_754757,6
bdld3_72_x6,model_1,0.09,87.5,0.5096,0.165,0.2169,30,34,1,bdld3_72_x6_model_1_multimer_v2_p1_221223_167143,6
bdld3_72_x6,model_3,0.29,88.38,0.478,0.219,0.2699,45,45,2,bdld3_72_x6_model_3_multimer_v2_p1_221223_167143,6
bdld3_72_x6,model_2,0.09,82.29,0.4601,0.3531,0.2703,68,52,3,bdld3_72_x6_model_2_multimer_v2_p1_221223_167143,6
bdld3_72_x6,model_5,0.09,78.9,0.3431,0.2621,0.2529,84,77,4,bdld3_72_x6_model_5_multimer_v2_p1_221223_167143,1
bdld3_72_x6,model_4,0.82,75.68,0.2207,0,0,0,0,5,bdld3_72_x6_model_4_multimer_v2_p1_221223_167143,6
bdld3_73_x6,model_1,0.06,91.14,0.8077,0.7223,0.7205,111,121,1,bdld3_73_x6_model_1_multimer_v2_p1_221223_093530,1
bdld3_73_x6,model_3,0.06,84.22,0.6206,0.5425,0.5211,108,114,2,bdld3_73_x6_model_3_multimer_v2_p1_221223_093530,2
bdld3_73_x6,model_2,0.07,86.25,0.6019,0.5111,0.4698,99,92,3,bdld3_73_x6_model_2_multimer_v2_p1_221223_093530,2
bdld3_73_x6,model_5,0.08,87.09,0.5205,0.4314,0.4934,96,101,4,bdld3_73_x6_model_5_multimer_v2_p1_221223_093530,1
bdld3_73_x6,model_4,0.1,86.41,0.4386,0.3311,0.4385,88,87,5,bdld3_73_x6_model_4_multimer_v2_p1_221223_093530,1
bdld3_74_x6,model_2,0.06,88.42,0.7245,0.6028,0.619,114,141,1,bdld3_74_x6_model_2_multimer_v2_p1_221223_394311,1
bdld3_74_x6,model_5,0.05,92.12,0.7187,0.5379,0.6676,88,92,2,bdld3_74_x6_model_5_multimer_v2_p1_221223_394311,1
bdld3_74_x6,model_4,0.04,91.89,0.6923,0.5113,0.6457,83,91,3,bdld3_74_x6_model_4_multimer_v2_p1_221223_394311,1
bdld3_74_x6,model_1,0.05,92.02,0.6818,0.3929,0.5578,55,50,4,bdld3_74_x6_model_1_multimer_v2_p1_221223_394311,6
bdld3_74_x6,model_3,0.07,86.9,0.6773,0.5651,0.6012,94,105,5,bdld3_74_x6_model_3_multimer_v2_p1_221223_394311,1
bdld3_75_x6,model_5,0.09,91.45,0.7344,0.577,0.6945,84,104,1,bdld3_75_x6_model_5_multimer_v2_p1_221223_017696,1
bdld3_75_x6,model_1,0.09,90.73,0.6632,0.4837,0.5793,79,79,2,bdld3_75_x6_model_1_multimer_v2_p1_221223_017696,1
bdld3_75_x6,model_3,0.08,87.48,0.6276,0.4548,0.5587,70,74,3,bdld3_75_x6_model_3_multimer_v2_p1_221223_017696,1
bdld3_75_x6,model_4,0.09,85.97,0.5339,0.3906,0.5004,76,91,4,bdld3_75_x6_model_4_multimer_v2_p1_221223_017696,1
bdld3_75_x6,model_2,0.59,86.7,0.4989,0.3874,0.4788,75,84,5,bdld3_75_x6_model_2_multimer_v2_p1_221223_017696,1
bdld3_76_x6,model_1,0.06,90.05,0.6256,0.45,0.5164,60,59,1,bdld3_76_x6_model_1_multimer_v2_p1_221223_148477,5
bdld3_76_x6,model_5,0.06,89.49,0.6015,0.4534,0.554,84,79,2,bdld3_76_x6_model_5_multimer_v2_p1_221223_148477,1
bdld3_76_x6,model_4,0.09,87.98,0.4481,0.3119,0.4443,66,61,3,bdld3_76_x6_model_4_multimer_v2_p1_221223_148477,1
bdld3_76_x6,model_2,0.34,79.31,0.3867,0.3025,0.1439,52,37,4,bdld3_76_x6_model_2_multimer_v2_p1_221223_148477,5
bdld3_76_x6,model_3,2.24,77.56,0.2716,0.0327,0.0064,18,13,5,bdld3_76_x6_model_3_multimer_v2_p1_221223_148477,6
bdld3_77_x6,model_1,0.1,91.11,0.6768,0.4259,0.5153,58,59,1,bdld3_77_x6_model_1_multimer_v2_p1_221223_178296,2
bdld3_77_x6,model_2,0.3,87.94,0.6508,0.5295,0.5015,77,84,2,bdld3_77_x6_model_2_multimer_v2_p1_221223_178296,3
bdld3_77_x6,model_4,0.05,90.73,0.5593,0.3609,0.4808,60,63,3,bdld3_77_x6_model_4_multimer_v2_p1_221223_178296,1
bdld3_77_x6,model_3,0.1,79.8,0.4261,0.2996,0.3543,90,85,4,bdld3_77_x6_model_3_multimer_v2_p1_221223_178296,2
bdld3_77_x6,model_5,2.29,76.68,0.2267,0.0363,3e-04,13,9,5,bdld3_77_x6_model_5_multimer_v2_p1_221223_178296,6
bdld3_78_x6,model_1,0.09,94.09,0.8642,0.7446,0.761,92,98,1,bdld3_78_x6_model_1_multimer_v2_p1_221223_980089,2
bdld3_78_x6,model_5,0.1,91.65,0.6973,0.5603,0.6623,84,89,2,bdld3_78_x6_model_5_multimer_v2_p1_221223_980089,1
bdld3_78_x6,model_2,0.1,88.47,0.6591,0.5771,0.5689,85,82,3,bdld3_78_x6_model_2_multimer_v2_p1_221223_980089,2
bdld3_78_x6,model_4,0.07,88.69,0.5637,0.4643,0.5651,82,92,4,bdld3_78_x6_model_4_multimer_v2_p1_221223_980089,2
bdld3_78_x6,model_3,0.05,86.54,0.468,0.2019,0.2571,34,27,5,bdld3_78_x6_model_3_multimer_v2_p1_221223_980089,6
bdld3_79_x6,model_5,0.08,85.9,0.7002,0.6094,0.5983,95,107,1,bdld3_79_x6_model_5_multimer_v2_p1_221223_708529,1
bdld3_79_x6,model_2,0.06,87.78,0.6837,0.5719,0.537,97,109,2,bdld3_79_x6_model_2_multimer_v2_p1_221223_708529,1
bdld3_79_x6,model_4,0.07,86.68,0.4864,0.4073,0.527,99,102,3,bdld3_79_x6_model_4_multimer_v2_p1_221223_708529,1
bdld3_79_x6,model_1,0.74,74.48,0.2858,0.254,0.0644,46,35,4,bdld3_79_x6_model_1_multimer_v2_p1_221223_708529,5
bdld3_79_x6,model_3,4.34,75.26,0.2519,0.0843,0.0047,23,17,5,bdld3_79_x6_model_3_multimer_v2_p1_221223_708529,6
bdld3_80_x6,model_5,0.06,85.17,0.4793,0.4209,0.5274,93,99,1,bdld3_80_x6_model_5_multimer_v2_p1_221224_611276,1
bdld3_80_x6,model_3,0.09,73.21,0.3003,0.2264,0.1462,95,74,2,bdld3_80_x6_model_3_multimer_v2_p1_221224_611276,2
bdld3_80_x6,model_1,0.75,73.11,0.229,0.0049,0,4,2,3,bdld3_80_x6_model_1_multimer_v2_p1_221224_611276,6
bdld3_80_x6,model_2,6.52,65.46,0.227,0.0942,0.0073,28,22,4,bdld3_80_x6_model_2_multimer_v2_p1_221224_611276,6
bdld3_80_x6,model_4,1.75,64.65,0.2253,0.1468,0.0584,65,51,5,bdld3_80_x6_model_4_multimer_v2_p1_221224_611276,4
bdld3_81_x6,model_5,0.08,88.13,0.5543,0.4257,0.5622,91,88,1,bdld3_81_x6_model_5_multimer_v2_p1_221224_303187,1
bdld3_81_x6,model_3,0.14,86.74,0.5168,0.4152,0.5375,102,102,2,bdld3_81_x6_model_3_multimer_v2_p1_221224_303187,1
bdld3_81_x6,model_1,0.32,69.72,0.2479,0.1642,0.0924,71,62,3,bdld3_81_x6_model_1_multimer_v2_p1_221224_303187,2
bdld3_81_x6,model_4,1.38,63.34,0.2382,0.1345,0.076,61,49,4,bdld3_81_x6_model_4_multimer_v2_p1_221224_303187,4
bdld3_81_x6,model_2,1.5,65.25,0.2194,0.1151,0.0128,28,17,5,bdld3_81_x6_model_2_multimer_v2_p1_221224_303187,6
bdld3_82_x6,model_2,0.08,91.09,0.7723,0.6819,0.6699,103,107,1,bdld3_82_x6_model_2_multimer_v2_p1_221223_169542,2
bdld3_82_x6,model_1,0.07,88.89,0.6931,0.5629,0.5657,76,80,2,bdld3_82_x6_model_1_multimer_v2_p1_221223_169542,4
bdld3_82_x6,model_3,0.09,84.55,0.3922,0.201,0.2211,38,33,3,bdld3_82_x6_model_3_multimer_v2_p1_221223_169542,6
bdld3_82_x6,model_5,0.09,76.81,0.2969,0.2245,0.1611,63,66,4,bdld3_82_x6_model_5_multimer_v2_p1_221223_169542,2
bdld3_82_x6,model_4,1.04,77.76,0.2229,0.0051,1e-04,6,3,5,bdld3_82_x6_model_4_multimer_v2_p1_221223_169542,6
bdld3_83_x6,model_1,0.08,90.4,0.7694,0.6384,0.7703,114,118,1,bdld3_83_x6_model_1_multimer_v2_p1_221223_578266,1
bdld3_83_x6,model_5,0.16,84.34,0.5885,0.5009,0.6757,109,101,2,bdld3_83_x6_model_5_multimer_v2_p1_221223_578266,1
bdld3_83_x6,model_3,0.35,74.43,0.4455,0.3863,0.4714,146,168,3,bdld3_83_x6_model_3_multimer_v2_p1_221223_578266,1
bdld3_83_x6,model_4,0.25,77.51,0.4186,0.358,0.5068,124,133,4,bdld3_83_x6_model_4_multimer_v2_p1_221223_578266,1
bdld3_83_x6,model_2,2.91,69.41,0.3098,0.2601,0.2662,79,84,5,bdld3_83_x6_model_2_multimer_v2_p1_221223_578266,1
bdld3_84_x6,model_1,0.09,92.36,0.846,0.7316,0.7351,98,104,1,bdld3_84_x6_model_1_multimer_v2_p1_221223_571043,2
bdld3_84_x6,model_3,0.09,91.18,0.8126,0.6917,0.6812,97,104,2,bdld3_84_x6_model_3_multimer_v2_p1_221223_571043,1
bdld3_84_x6,model_2,0.06,90.56,0.7546,0.6598,0.6739,108,101,3,bdld3_84_x6_model_2_multimer_v2_p1_221223_571043,2
bdld3_84_x6,model_4,0.08,91.06,0.6524,0.5111,0.6304,97,89,4,bdld3_84_x6_model_4_multimer_v2_p1_221223_571043,1
bdld3_84_x6,model_5,0.09,89.89,0.6149,0.4813,0.5726,87,92,5,bdld3_84_x6_model_5_multimer_v2_p1_221223_571043,1
bdld3_1_x10,model_1,0.09,87.38,0.5048,0.3772,0.6087,128,135,1,bdld3_1_x10_model_1_multimer_v2_p1_221224_200458,2
bdld3_1_x10,model_2,0.07,77.84,0.4507,0.341,0.4398,127,118,2,bdld3_1_x10_model_2_multimer_v2_p1_221224_200458,2
bdld3_1_x10,model_4,0.08,86.06,0.4191,0.3077,0.5786,147,159,3,bdld3_1_x10_model_4_multimer_v2_p1_221224_200458,1
bdld3_1_x10,model_3,0.09,83.63,0.3669,0.255,0.5157,139,142,4,bdld3_1_x10_model_3_multimer_v2_p1_221224_200458,1
bdld3_1_x10,model_5,0.59,77.54,0.3354,0.2643,0.4267,123,121,5,bdld3_1_x10_model_5_multimer_v2_p1_221224_200458,2
bdld3_2_x10,model_1,0.21,91.31,0.6036,0.4406,0.6973,141,143,1,bdld3_2_x10_model_1_multimer_v2_p1_221224_187666,1
bdld3_2_x10,model_5,0.06,87.38,0.4925,0.3722,0.6407,162,152,2,bdld3_2_x10_model_5_multimer_v2_p1_221224_187666,1
bdld3_2_x10,model_2,0.09,87.4,0.4567,0.3409,0.6119,141,123,3,bdld3_2_x10_model_2_multimer_v2_p1_221224_187666,1
bdld3_2_x10,model_3,0.38,86.03,0.4236,0.3081,0.6014,144,122,4,bdld3_2_x10_model_3_multimer_v2_p1_221224_187666,1
bdld3_2_x10,model_4,0.59,80.86,0.2913,0.1967,0.3754,111,101,5,bdld3_2_x10_model_4_multimer_v2_p1_221224_187666,4
bdld3_3_x10,model_3,0.04,91.57,0.8788,0.8126,0.852,233,282,1,bdld3_3_x10_model_3_multimer_v2_p1_221224_935086,1
bdld3_3_x10,model_1,0.08,90.36,0.7695,0.6931,0.7909,198,219,2,bdld3_3_x10_model_1_multimer_v2_p1_221224_935086,1
bdld3_3_x10,model_5,0.08,84.79,0.7393,0.6866,0.7332,189,218,3,bdld3_3_x10_model_5_multimer_v2_p1_221224_935086,1
bdld3_3_x10,model_2,0.05,84.94,0.7247,0.6747,0.7017,213,233,4,bdld3_3_x10_model_2_multimer_v2_p1_221224_935086,1
bdld3_3_x10,model_4,2.02,72.07,0.189,0.0068,0,6,3,5,bdld3_3_x10_model_4_multimer_v2_p1_221224_935086,10
bdld3_4_x10,model_4,0.08,86.13,0.768,0.6808,0.7322,201,254,1,bdld3_4_x10_model_4_multimer_v2_p1_221224_626347,1
bdld3_4_x10,model_2,0.08,83.8,0.7215,0.6717,0.693,210,240,2,bdld3_4_x10_model_2_multimer_v2_p1_221224_626347,1
bdld3_4_x10,model_1,0.04,86.26,0.6961,0.5914,0.7234,182,215,3,bdld3_4_x10_model_1_multimer_v2_p1_221224_626347,1
bdld3_4_x10,model_3,0.08,81.5,0.6412,0.5552,0.6108,176,196,4,bdld3_4_x10_model_3_multimer_v2_p1_221224_626347,1
bdld3_4_x10,model_5,0.08,78.09,0.3164,0.2268,0.3934,119,120,5,bdld3_4_x10_model_5_multimer_v2_p1_221224_626347,2
bdld3_6_x10,model_1,0.09,87.6,0.7302,0.6308,0.7616,184,219,1,bdld3_6_x10_model_1_multimer_v2_p1_221224_387730,1
bdld3_6_x10,model_2,0.07,82.28,0.7024,0.6587,0.6714,206,239,2,bdld3_6_x10_model_2_multimer_v2_p1_221224_387730,1
bdld3_6_x10,model_3,0.07,82.66,0.6892,0.6225,0.6803,188,219,3,bdld3_6_x10_model_3_multimer_v2_p1_221224_387730,1
bdld3_6_x10,model_4,0.33,80.29,0.3224,0.2559,0.4959,152,149,4,bdld3_6_x10_model_4_multimer_v2_p1_221224_387730,1
bdld3_6_x10,model_5,0.12,76.73,0.2924,0.2039,0.3577,115,116,5,bdld3_6_x10_model_5_multimer_v2_p1_221224_387730,2
bdld3_7_x10,model_3,0.08,89.48,0.8406,0.7599,0.7798,179,216,1,bdld3_7_x10_model_3_multimer_v2_p1_221224_560592,4
bdld3_7_x10,model_2,0.08,90.26,0.838,0.7694,0.8205,210,239,2,bdld3_7_x10_model_2_multimer_v2_p1_221224_560592,3
bdld3_7_x10,model_1,0.04,86.1,0.5911,0.4787,0.6578,145,150,3,bdld3_7_x10_model_1_multimer_v2_p1_221224_560592,3
bdld3_7_x10,model_5,0.1,79.68,0.3755,0.2642,0.4959,136,137,4,bdld3_7_x10_model_5_multimer_v2_p1_221224_560592,2
bdld3_7_x10,model_4,1.31,78.21,0.2678,0.152,0.1945,82,50,5,bdld3_7_x10_model_4_multimer_v2_p1_221224_560592,10
bdld3_9_x10,model_1,0.09,87.33,0.6169,0.487,0.7035,161,177,1,bdld3_9_x10_model_1_multimer_v2_p1_221224_775154,3
bdld3_9_x10,model_2,0.08,81.18,0.6147,0.5443,0.6061,190,201,2,bdld3_9_x10_model_2_multimer_v2_p1_221224_775154,2
bdld3_9_x10,model_5,0.1,82.78,0.4826,0.3916,0.6076,144,150,3,bdld3_9_x10_model_5_multimer_v2_p1_221224_775154,2
bdld3_9_x10,model_4,0.33,84.76,0.4206,0.2999,0.5714,150,136,4,bdld3_9_x10_model_4_multimer_v2_p1_221224_775154,1
bdld3_9_x10,model_3,0.39,79.62,0.3136,0.2158,0.4404,127,111,5,bdld3_9_x10_model_3_multimer_v2_p1_221224_775154,1
bdld3_10_x10,model_3,0.1,82.61,0.7335,0.6721,0.6921,217,244,1,bdld3_10_x10_model_3_multimer_v2_p1_221224_073149,1
bdld3_10_x10,model_2,0.09,79.94,0.627,0.5778,0.5947,198,202,2,bdld3_10_x10_model_2_multimer_v2_p1_221224_073149,3
bdld3_10_x10,model_5,0.29,82.03,0.3903,0.2808,0.5194,147,153,3,bdld3_10_x10_model_5_multimer_v2_p1_221224_073149,2
bdld3_10_x10,model_1,4.04,73.99,0.349,0.361,0.2824,87,76,4,bdld3_10_x10_model_1_multimer_v2_p1_221224_073149,8
bdld3_10_x10,model_4,0.79,67.8,0.1812,0,0,0,0,5,bdld3_10_x10_model_4_multimer_v2_p1_221224_073149,10
bdld3_11_x10,model_5,1.02,89.49,0.608,0.4684,0.7047,159,151,1,bdld3_11_x10_model_5_multimer_v2_p1_221224_306556,1
bdld3_11_x10,model_1,0.1,87.52,0.4565,0.3405,0.5743,132,132,2,bdld3_11_x10_model_1_multimer_v2_p1_221224_306556,1
bdld3_11_x10,model_2,0.06,76.45,0.4461,0.3794,0.443,195,189,3,bdld3_11_x10_model_2_multimer_v2_p1_221224_306556,2
bdld3_11_x10,model_3,2.06,73.94,0.185,0.0247,4e-04,13,7,4,bdld3_11_x10_model_3_multimer_v2_p1_221224_306556,10
bdld3_11_x10,model_4,2,73.86,0.1782,0.0038,0,4,2,5,bdld3_11_x10_model_4_multimer_v2_p1_221224_306556,10
bdld3_12_x10,model_2,0.06,90.98,0.85,0.7966,0.8381,222,264,1,bdld3_12_x10_model_2_multimer_v2_p1_221224_769287,1
bdld3_12_x10,model_3,0.09,85.1,0.7204,0.6604,0.6906,201,223,2,bdld3_12_x10_model_3_multimer_v2_p1_221224_769287,1
bdld3_12_x10,model_5,2.14,89.46,0.5388,0.4049,0.6735,157,151,3,bdld3_12_x10_model_5_multimer_v2_p1_221224_769287,1
bdld3_12_x10,model_1,0.35,85.48,0.5016,0.392,0.571,139,141,4,bdld3_12_x10_model_1_multimer_v2_p1_221224_769287,2
bdld3_12_x10,model_4,0.45,78.16,0.2758,0.199,0.3666,137,115,5,bdld3_12_x10_model_4_multimer_v2_p1_221224_769287,2
bdld3_13_x10,model_1,0.38,87.23,0.562,0.3973,0.6663,150,124,1,bdld3_13_x10_model_1_multimer_v2_p1_221224_608789,1
bdld3_13_x10,model_2,0.19,73.01,0.5396,0.4811,0.498,199,186,2,bdld3_13_x10_model_2_multimer_v2_p1_221224_608789,4
bdld3_13_x10,model_3,0.4,83.61,0.5147,0.2938,0.5247,113,83,3,bdld3_13_x10_model_3_multimer_v2_p1_221224_608789,10
bdld3_13_x10,model_4,0.55,79.06,0.3868,0.2883,0.4895,142,109,4,bdld3_13_x10_model_4_multimer_v2_p1_221224_608789,5
bdld3_13_x10,model_5,1.37,72.22,0.2959,0.231,0.3403,125,96,5,bdld3_13_x10_model_5_multimer_v2_p1_221224_608789,4
bdld3_14_x10,model_3,0.07,90.6,0.8621,0.8032,0.8284,263,276,1,bdld3_14_x10_model_3_multimer_v2_p1_221224_410243,1
bdld3_14_x10,model_1,0.07,89.93,0.8134,0.757,0.7821,204,210,2,bdld3_14_x10_model_1_multimer_v2_p1_221224_410243,1
bdld3_14_x10,model_2,0.07,83.75,0.7059,0.6671,0.7087,229,222,3,bdld3_14_x10_model_2_multimer_v2_p1_221224_410243,1
bdld3_14_x10,model_5,0.12,86.5,0.539,0.3955,0.6679,160,173,4,bdld3_14_x10_model_5_multimer_v2_p1_221224_410243,1
bdld3_14_x10,model_4,1.27,81.72,0.3528,0.236,0.4943,135,128,5,bdld3_14_x10_model_4_multimer_v2_p1_221224_410243,1
bdld3_17_x10,model_3,0.1,89.75,0.8624,0.805,0.8231,255,319,1,bdld3_17_x10_model_3_multimer_v2_p1_221224_676710,1
bdld3_17_x10,model_2,0.07,83.28,0.6253,0.5677,0.6722,219,236,2,bdld3_17_x10_model_2_multimer_v2_p1_221224_676710,1
bdld3_17_x10,model_1,0.08,89.08,0.5481,0.4407,0.7292,185,211,3,bdld3_17_x10_model_1_multimer_v2_p1_221224_676710,1
bdld3_17_x10,model_5,0.07,86.3,0.5271,0.4401,0.6941,188,211,4,bdld3_17_x10_model_5_multimer_v2_p1_221224_676710,1
bdld3_17_x10,model_4,0.07,84.79,0.4168,0.3378,0.6338,192,210,5,bdld3_17_x10_model_4_multimer_v2_p1_221224_676710,1
bdld3_18_x10,model_1,2.79,72.94,0.4168,0.3619,0.695,273,307,1,bdld3_18_x10_model_1_multimer_v2_p1_221224_129186,5
bdld3_18_x10,model_4,2.73,63.63,0.2304,0.1754,0.567,187,210,2,bdld3_18_x10_model_4_multimer_v2_p1_221224_129186,5
bdld3_18_x10,model_5,1.26,60.65,0.2078,0.1605,0.3494,151,123,3,bdld3_18_x10_model_5_multimer_v2_p1_221224_129186,5
bdld3_18_x10,model_3,8.97,58.49,0.2013,0.1242,0.3017,117,89,4,bdld3_18_x10_model_3_multimer_v2_p1_221224_129186,5
bdld3_18_x10,model_2,9.74,54.97,0.1807,0.1939,0.0383,52,35,5,bdld3_18_x10_model_2_multimer_v2_p1_221224_129186,9
bdld3_21_x10,model_2,0.08,78.63,0.6319,0.5899,0.5886,196,172,1,bdld3_21_x10_model_2_multimer_v2_p1_221224_864511,3
bdld3_21_x10,model_1,0.15,88.93,0.5605,0.4246,0.7155,159,142,2,bdld3_21_x10_model_1_multimer_v2_p1_221224_864511,1
bdld3_21_x10,model_4,0.2,85.33,0.4272,0.2986,0.631,146,128,3,bdld3_21_x10_model_4_multimer_v2_p1_221224_864511,1
bdld3_21_x10,model_5,0.5,79.82,0.3785,0.2774,0.4815,151,118,4,bdld3_21_x10_model_5_multimer_v2_p1_221224_864511,2
bdld3_21_x10,model_3,2.03,82.46,0.3476,0.1764,0.3332,65,49,5,bdld3_21_x10_model_3_multimer_v2_p1_221224_864511,10
bdld3_23_x10,model_3,0.08,86.63,0.7992,0.7394,0.7627,226,272,1,bdld3_23_x10_model_3_multimer_v2_p1_221224_433429,1
bdld3_23_x10,model_1,0.1,89.11,0.7646,0.6901,0.7669,213,239,2,bdld3_23_x10_model_1_multimer_v2_p1_221224_433429,1
bdld3_23_x10,model_2,0.07,80,0.5986,0.535,0.5955,200,223,3,bdld3_23_x10_model_2_multimer_v2_p1_221224_433429,1
bdld3_23_x10,model_5,0.09,85.01,0.5094,0.4114,0.6896,181,208,4,bdld3_23_x10_model_5_multimer_v2_p1_221224_433429,1
bdld3_23_x10,model_4,0.22,84.33,0.4079,0.311,0.6204,180,186,5,bdld3_23_x10_model_4_multimer_v2_p1_221224_433429,1
bdld3_25_x10,model_1,0.05,92.73,0.8764,0.8314,0.857,222,274,1,bdld3_25_x10_model_1_multimer_v2_p1_221224_657787,1
bdld3_25_x10,model_3,0.07,80.91,0.6622,0.6248,0.6416,203,226,2,bdld3_25_x10_model_3_multimer_v2_p1_221224_657787,2
bdld3_25_x10,model_2,0.1,78.68,0.5218,0.4595,0.5381,200,211,3,bdld3_25_x10_model_2_multimer_v2_p1_221224_657787,1
bdld3_25_x10,model_5,0.33,80.14,0.3562,0.2742,0.455,131,124,4,bdld3_25_x10_model_5_multimer_v2_p1_221224_657787,2
bdld3_25_x10,model_4,0.34,71.11,0.2872,0.2185,0.2976,109,95,5,bdld3_25_x10_model_4_multimer_v2_p1_221224_657787,3
bdld3_26_x10,model_2,0.1,89.93,0.836,0.79,0.8239,248,269,1,bdld3_26_x10_model_2_multimer_v2_p1_221224_276590,1
bdld3_26_x10,model_3,0.06,87.42,0.8212,0.7561,0.7896,241,292,2,bdld3_26_x10_model_3_multimer_v2_p1_221224_276590,1
bdld3_26_x10,model_1,0.08,89.54,0.7671,0.6874,0.8096,210,232,3,bdld3_26_x10_model_1_multimer_v2_p1_221224_276590,1
bdld3_26_x10,model_4,0.03,85.57,0.7052,0.6451,0.7339,226,259,4,bdld3_26_x10_model_4_multimer_v2_p1_221224_276590,1
bdld3_26_x10,model_5,0.11,71.87,0.3447,0.2836,0.3583,119,110,5,bdld3_26_x10_model_5_multimer_v2_p1_221224_276590,6
bdld3_27_x10,model_3,0.1,81.15,0.6674,0.6183,0.6268,198,229,1,bdld3_27_x10_model_3_multimer_v2_p1_221224_601707,2
bdld3_27_x10,model_2,0.09,77.69,0.5463,0.4986,0.5121,191,198,2,bdld3_27_x10_model_2_multimer_v2_p1_221224_601707,1
bdld3_27_x10,model_1,0.16,83.7,0.4935,0.3955,0.6517,158,175,3,bdld3_27_x10_model_1_multimer_v2_p1_221224_601707,2
bdld3_27_x10,model_4,0.66,73.89,0.3833,0.3555,0.4547,109,107,4,bdld3_27_x10_model_4_multimer_v2_p1_221224_601707,6
bdld3_27_x10,model_5,1.32,80.22,0.3578,0.2711,0.4437,142,130,5,bdld3_27_x10_model_5_multimer_v2_p1_221224_601707,1
bdld3_28_x10,model_1,0.05,88.47,0.7372,0.6595,0.7856,196,212,1,bdld3_28_x10_model_1_multimer_v2_p1_221224_684078,1
bdld3_28_x10,model_3,0.04,79.02,0.6192,0.5659,0.6094,198,220,2,bdld3_28_x10_model_3_multimer_v2_p1_221224_684078,1
bdld3_28_x10,model_2,0.08,77.13,0.5248,0.4941,0.5205,176,186,3,bdld3_28_x10_model_2_multimer_v2_p1_221224_684078,3
bdld3_28_x10,model_4,0.06,77.57,0.4567,0.3998,0.5904,176,186,4,bdld3_28_x10_model_4_multimer_v2_p1_221224_684078,2
bdld3_28_x10,model_5,0.48,82.11,0.4004,0.3042,0.5215,140,136,5,bdld3_28_x10_model_5_multimer_v2_p1_221224_684078,1
bdld3_30_x10,model_3,0.03,91.65,0.8709,0.801,0.8257,192,223,1,bdld3_30_x10_model_3_multimer_v2_p1_221224_323509,3
bdld3_30_x10,model_2,0.07,90.39,0.8455,0.7847,0.8056,210,234,2,bdld3_30_x10_model_2_multimer_v2_p1_221224_323509,3
bdld3_30_x10,model_1,0.07,90.44,0.5674,0.4088,0.6813,144,168,3,bdld3_30_x10_model_1_multimer_v2_p1_221224_323509,1
bdld3_30_x10,model_5,0.06,86.22,0.4351,0.341,0.5967,157,173,4,bdld3_30_x10_model_5_multimer_v2_p1_221224_323509,1
bdld3_30_x10,model_4,13.21,77.5,0.2517,0.1405,0.1342,61,35,5,bdld3_30_x10_model_4_multimer_v2_p1_221224_323509,10
bdld3_31_x10,model_2,0.1,86.23,0.7658,0.7058,0.7191,192,214,1,bdld3_31_x10_model_2_multimer_v2_p1_221224_155468,3
bdld3_31_x10,model_4,0.05,88.34,0.7091,0.6139,0.739,175,186,2,bdld3_31_x10_model_4_multimer_v2_p1_221224_155468,2
bdld3_31_x10,model_3,0.08,85.02,0.6853,0.6149,0.6636,168,194,3,bdld3_31_x10_model_3_multimer_v2_p1_221224_155468,4
bdld3_31_x10,model_1,0.09,85.54,0.5636,0.4655,0.6489,158,178,4,bdld3_31_x10_model_1_multimer_v2_p1_221224_155468,2
bdld3_31_x10,model_5,0.09,85.33,0.4298,0.3202,0.5671,146,168,5,bdld3_31_x10_model_5_multimer_v2_p1_221224_155468,1
bdld3_32_x10,model_3,0.04,86.93,0.7414,0.6665,0.7391,179,211,1,bdld3_32_x10_model_3_multimer_v2_p1_221224_853722,4
bdld3_32_x10,model_1,0.08,87.64,0.5754,0.4365,0.6811,142,149,2,bdld3_32_x10_model_1_multimer_v2_p1_221224_853722,4
bdld3_32_x10,model_2,0.07,78.87,0.4947,0.424,0.4945,144,150,3,bdld3_32_x10_model_2_multimer_v2_p1_221224_853722,3
bdld3_32_x10,model_5,0.26,88.22,0.4872,0.3625,0.634,149,165,4,bdld3_32_x10_model_5_multimer_v2_p1_221224_853722,1
bdld3_32_x10,model_4,0.66,78.05,0.2536,0.1489,0.1544,73,43,5,bdld3_32_x10_model_4_multimer_v2_p1_221224_853722,10
bdld3_33_x10,model_5,0.05,91.93,0.8521,0.8089,0.8515,237,256,1,bdld3_33_x10_model_5_multimer_v2_p1_221224_051582,1
bdld3_33_x10,model_2,0.07,89.3,0.8083,0.7441,0.7905,222,236,2,bdld3_33_x10_model_2_multimer_v2_p1_221224_051582,2
bdld3_33_x10,model_1,0.06,88.68,0.6909,0.5991,0.7395,163,165,3,bdld3_33_x10_model_1_multimer_v2_p1_221224_051582,6
bdld3_33_x10,model_3,0.09,93.13,0.6733,0.406,0.6808,110,100,4,bdld3_33_x10_model_3_multimer_v2_p1_221224_051582,8
bdld3_33_x10,model_4,1.98,74.14,0.1912,0.0436,5e-04,19,11,5,bdld3_33_x10_model_4_multimer_v2_p1_221224_051582,10
bdld3_35_x10,model_3,0.09,87.46,0.7989,0.702,0.7522,230,250,1,bdld3_35_x10_model_3_multimer_v2_p1_221224_748642,1
bdld3_35_x10,model_2,0.31,82.52,0.5454,0.4814,0.587,178,168,2,bdld3_35_x10_model_2_multimer_v2_p1_221224_748642,4
bdld3_35_x10,model_1,0.89,87.22,0.4709,0.3323,0.5808,144,89,3,bdld3_35_x10_model_1_multimer_v2_p1_221224_748642,9
bdld3_35_x10,model_5,1.57,84.39,0.4463,0.2604,0.4692,118,90,4,bdld3_35_x10_model_5_multimer_v2_p1_221224_748642,10
bdld3_35_x10,model_4,27.11,75.92,0.2429,0.1472,0.0911,44,29,5,bdld3_35_x10_model_4_multimer_v2_p1_221224_748642,10
bdld3_36_x10,model_4,0.04,86.57,0.7912,0.7412,0.7608,225,240,1,bdld3_36_x10_model_4_multimer_v2_p1_221224_350470,1
bdld3_36_x10,model_2,0.1,85.65,0.7833,0.7327,0.7625,243,270,2,bdld3_36_x10_model_2_multimer_v2_p1_221224_350470,1
bdld3_36_x10,model_1,0.05,86.27,0.6613,0.5834,0.7101,183,199,3,bdld3_36_x10_model_1_multimer_v2_p1_221224_350470,2
bdld3_36_x10,model_5,0.07,81.26,0.6062,0.5422,0.6404,196,205,4,bdld3_36_x10_model_5_multimer_v2_p1_221224_350470,1
bdld3_36_x10,model_3,0.09,79.38,0.5711,0.5141,0.6004,195,199,5,bdld3_36_x10_model_3_multimer_v2_p1_221224_350470,1
bdld3_38_x10,model_2,0.04,81.63,0.588,0.4954,0.5816,150,148,1,bdld3_38_x10_model_2_multimer_v2_p1_221224_811199,7
bdld3_38_x10,model_1,2.24,87.29,0.4751,0.2876,0.5553,94,82,2,bdld3_38_x10_model_1_multimer_v2_p1_221224_811199,10
bdld3_38_x10,model_5,0.29,84.39,0.4247,0.2737,0.5028,95,78,3,bdld3_38_x10_model_5_multimer_v2_p1_221224_811199,10
bdld3_38_x10,model_3,3.52,72.66,0.2026,0.032,0.0018,16,9,4,bdld3_38_x10_model_3_multimer_v2_p1_221224_811199,10
bdld3_38_x10,model_4,6.14,72.86,0.1828,0.0803,0.0023,24,14,5,bdld3_38_x10_model_4_multimer_v2_p1_221224_811199,10
bdld3_39_x10,model_3,0.25,78.94,0.3585,0.2053,0.3388,57,59,1,bdld3_39_x10_model_3_multimer_v2_p1_221224_797689,10
bdld3_39_x10,model_5,34.74,75.65,0.1952,0.0366,0.0018,20,16,2,bdld3_39_x10_model_5_multimer_v2_p1_221224_797689,10
bdld3_39_x10,model_4,0.9,75.99,0.1845,0,0,0,0,3,bdld3_39_x10_model_4_multimer_v2_p1_221224_797689,10
bdld3_39_x10,model_1,5.01,77.19,0.1833,0.0051,0,4,3,4,bdld3_39_x10_model_1_multimer_v2_p1_221224_797689,10
bdld3_39_x10,model_2,47.26,74.42,0.1806,0,0,0,0,5,bdld3_39_x10_model_2_multimer_v2_p1_221224_797689,10
bdld3_41_x10,model_5,0.39,81.21,0.3292,0.224,0.3415,144,108,1,bdld3_41_x10_model_5_multimer_v2_p1_221224_650912,3
bdld3_41_x10,model_3,8.84,73.39,0.1967,0.0104,3e-04,11,6,2,bdld3_41_x10_model_3_multimer_v2_p1_221224_650912,10
bdld3_41_x10,model_4,5.77,73.13,0.1941,0.1812,0.0199,43,29,3,bdld3_41_x10_model_4_multimer_v2_p1_221224_650912,10
bdld3_41_x10,model_1,10.93,76.73,0.1882,0,0,0,0,4,bdld3_41_x10_model_1_multimer_v2_p1_221224_650912,10
bdld3_41_x10,model_2,6.03,70.95,0.1869,0.145,0.0087,32,19,5,bdld3_41_x10_model_2_multimer_v2_p1_221224_650912,10
bdld3_42_x10,model_1,0.09,88.13,0.7333,0.6405,0.7415,155,173,1,bdld3_42_x10_model_1_multimer_v2_p1_221224_257016,4
bdld3_42_x10,model_3,0.08,80.41,0.5564,0.4623,0.585,153,159,2,bdld3_42_x10_model_3_multimer_v2_p1_221224_257016,5
bdld3_42_x10,model_2,0.09,81.27,0.5328,0.4622,0.5355,149,147,3,bdld3_42_x10_model_2_multimer_v2_p1_221224_257016,4
bdld3_42_x10,model_5,0.16,84.05,0.4456,0.3297,0.5657,109,111,4,bdld3_42_x10_model_5_multimer_v2_p1_221224_257016,4
bdld3_42_x10,model_4,1.01,84.26,0.3923,0.2837,0.5675,123,123,5,bdld3_42_x10_model_4_multimer_v2_p1_221224_257016,1
bdld3_43_x10,model_3,0.05,91.6,0.875,0.7975,0.8238,221,276,1,bdld3_43_x10_model_3_multimer_v2_p1_221224_032400,1
bdld3_43_x10,model_1,0.04,92.42,0.8707,0.7944,0.8336,200,221,2,bdld3_43_x10_model_1_multimer_v2_p1_221224_032400,1
bdld3_43_x10,model_2,0.09,80.41,0.6237,0.5883,0.6104,186,207,3,bdld3_43_x10_model_2_multimer_v2_p1_221224_032400,2
bdld3_43_x10,model_5,8.15,76.51,0.263,0.2253,0.2137,64,51,4,bdld3_43_x10_model_5_multimer_v2_p1_221224_032400,8
bdld3_43_x10,model_4,8.25,73.21,0.1839,0,0,0,0,5,bdld3_43_x10_model_4_multimer_v2_p1_221224_032400,10
bdld3_44_x10,model_2,0.05,84.24,0.774,0.7138,0.7312,234,209,1,bdld3_44_x10_model_2_multimer_v2_p1_221224_516933,2
bdld3_44_x10,model_3,0.07,83.41,0.7007,0.6589,0.698,201,197,2,bdld3_44_x10_model_3_multimer_v2_p1_221224_516933,1
bdld3_44_x10,model_1,0.19,89.51,0.5979,0.4499,0.7223,150,128,3,bdld3_44_x10_model_1_multimer_v2_p1_221224_516933,1
bdld3_44_x10,model_5,0.12,86.28,0.5306,0.3979,0.654,152,146,4,bdld3_44_x10_model_5_multimer_v2_p1_221224_516933,1
bdld3_44_x10,model_4,5.27,74.56,0.1796,0,0,0,0,5,bdld3_44_x10_model_4_multimer_v2_p1_221224_516933,10
bdld3_45_x10,model_2,0.04,84.83,0.757,0.7096,0.73,222,264,1,bdld3_45_x10_model_2_multimer_v2_p1_221224_086320,1
bdld3_45_x10,model_1,0.06,87.77,0.7328,0.6458,0.7656,190,227,2,bdld3_45_x10_model_1_multimer_v2_p1_221224_086320,1
bdld3_45_x10,model_3,0.06,84.1,0.7023,0.633,0.7041,193,230,3,bdld3_45_x10_model_3_multimer_v2_p1_221224_086320,1
bdld3_45_x10,model_4,0.21,80.67,0.3244,0.2377,0.5144,154,149,4,bdld3_45_x10_model_4_multimer_v2_p1_221224_086320,1
bdld3_45_x10,model_5,0.26,78.44,0.3147,0.2296,0.4043,127,121,5,bdld3_45_x10_model_5_multimer_v2_p1_221224_086320,3
bdld3_46_x10,model_1,0.07,90.26,0.8233,0.7503,0.8033,226,275,1,bdld3_46_x10_model_1_multimer_v2_p1_221224_831576,1
bdld3_46_x10,model_5,0.1,84.68,0.7431,0.6904,0.7464,225,278,2,bdld3_46_x10_model_5_multimer_v2_p1_221224_831576,1
bdld3_46_x10,model_2,0.09,83.12,0.7239,0.6718,0.706,231,278,3,bdld3_46_x10_model_2_multimer_v2_p1_221224_831576,1
bdld3_46_x10,model_4,0.06,80.54,0.5979,0.5504,0.5775,194,200,4,bdld3_46_x10_model_4_multimer_v2_p1_221224_831576,2
bdld3_46_x10,model_3,0.09,79.63,0.5617,0.4828,0.5704,175,183,5,bdld3_46_x10_model_3_multimer_v2_p1_221224_831576,3
bdld3_48_x10,model_1,0.05,91.45,0.8542,0.7874,0.8211,207,221,1,bdld3_48_x10_model_1_multimer_v2_p1_221224_105911,2
bdld3_48_x10,model_5,0.04,89.6,0.8362,0.787,0.8121,228,250,2,bdld3_48_x10_model_5_multimer_v2_p1_221224_105911,2
bdld3_48_x10,model_3,0.07,74.12,0.5535,0.462,0.4588,228,242,3,bdld3_48_x10_model_3_multimer_v2_p1_221224_105911,3
bdld3_48_x10,model_2,0.85,73.03,0.4254,0.3386,0.3036,187,187,4,bdld3_48_x10_model_2_multimer_v2_p1_221224_105911,3
bdld3_48_x10,model_4,0.95,71.1,0.1941,0.0035,0,4,2,5,bdld3_48_x10_model_4_multimer_v2_p1_221224_105911,10
bdld3_49_x10,model_1,0.07,83.2,0.6162,0.5265,0.6229,186,179,1,bdld3_49_x10_model_1_multimer_v2_p1_221224_712629,1
bdld3_49_x10,model_3,0.18,77.17,0.457,0.3674,0.4576,141,134,2,bdld3_49_x10_model_3_multimer_v2_p1_221224_712629,4
bdld3_49_x10,model_2,0.83,70.17,0.3145,0.2438,0.1493,84,59,3,bdld3_49_x10_model_2_multimer_v2_p1_221224_712629,10
bdld3_49_x10,model_5,15.2,72.04,0.2759,0.2027,0.168,63,49,4,bdld3_49_x10_model_5_multimer_v2_p1_221224_712629,9
bdld3_49_x10,model_4,1.4,75.2,0.1892,0,0,0,0,5,bdld3_49_x10_model_4_multimer_v2_p1_221224_712629,10
bdld3_50_x10,model_2,0.07,84.31,0.7063,0.6627,0.694,209,223,1,bdld3_50_x10_model_2_multimer_v2_p1_221224_696687,1
bdld3_50_x10,model_5,0.1,88.28,0.5096,0.3328,0.6468,137,131,2,bdld3_50_x10_model_5_multimer_v2_p1_221224_696687,1
bdld3_50_x10,model_1,0.46,86.65,0.4258,0.3068,0.5959,148,152,3,bdld3_50_x10_model_1_multimer_v2_p1_221224_696687,1
bdld3_50_x10,model_4,0.3,82.89,0.3541,0.2192,0.4446,112,96,4,bdld3_50_x10_model_4_multimer_v2_p1_221224_696687,6
bdld3_50_x10,model_3,0.21,82.11,0.3401,0.1985,0.3839,100,74,5,bdld3_50_x10_model_3_multimer_v2_p1_221224_696687,10
bdld3_51_x10,model_1,0.07,94.93,0.9274,0.8814,0.8921,244,275,1,bdld3_51_x10_model_1_multimer_v2_p1_221224_101892,1
bdld3_51_x10,model_4,0.09,87.94,0.7508,0.6784,0.7525,186,212,2,bdld3_51_x10_model_4_multimer_v2_p1_221224_101892,2
bdld3_51_x10,model_5,0.07,85.62,0.7128,0.6437,0.7226,204,225,3,bdld3_51_x10_model_5_multimer_v2_p1_221224_101892,1
bdld3_51_x10,model_2,0.09,79.79,0.5009,0.4257,0.5117,154,153,4,bdld3_51_x10_model_2_multimer_v2_p1_221224_101892,5
bdld3_51_x10,model_3,2.71,81.69,0.2858,0.014,0.0025,9,6,5,bdld3_51_x10_model_3_multimer_v2_p1_221224_101892,10
bdld3_54_x10,model_2,0.09,79.87,0.5615,0.4756,0.5496,140,132,1,bdld3_54_x10_model_2_multimer_v2_p1_221224_891774,9
bdld3_54_x10,model_1,0.08,87,0.459,0.2714,0.5428,93,81,2,bdld3_54_x10_model_1_multimer_v2_p1_221224_891774,10
bdld3_54_x10,model_5,0.72,83.98,0.4095,0.2611,0.4832,97,86,3,bdld3_54_x10_model_5_multimer_v2_p1_221224_891774,9
bdld3_54_x10,model_3,2.94,72.54,0.2069,0.0374,0.0027,20,11,4,bdld3_54_x10_model_3_multimer_v2_p1_221224_891774,10
bdld3_54_x10,model_4,3.7,73,0.1819,0.0291,6e-04,20,12,5,bdld3_54_x10_model_4_multimer_v2_p1_221224_891774,10
bdld3_55_x10,model_2,0.06,87.35,0.788,0.7396,0.7844,221,266,1,bdld3_55_x10_model_2_multimer_v2_p1_221224_156186,1
bdld3_55_x10,model_1,0.04,87.56,0.765,0.6965,0.7526,190,227,2,bdld3_55_x10_model_1_multimer_v2_p1_221224_156186,1
bdld3_55_x10,model_3,0.09,81.53,0.6597,0.5927,0.6641,208,234,3,bdld3_55_x10_model_3_multimer_v2_p1_221224_156186,1
bdld3_55_x10,model_4,0.35,80.99,0.3238,0.242,0.5216,160,159,4,bdld3_55_x10_model_4_multimer_v2_p1_221224_156186,1
bdld3_55_x10,model_5,0.12,78.05,0.3224,0.2347,0.407,128,123,5,bdld3_55_x10_model_5_multimer_v2_p1_221224_156186,2
bdld3_56_x10,model_3,0.04,88.09,0.8169,0.759,0.7948,218,276,1,bdld3_56_x10_model_3_multimer_v2_p1_221224_610913,1
bdld3_56_x10,model_2,0.05,84.74,0.7366,0.6816,0.7076,212,238,2,bdld3_56_x10_model_2_multimer_v2_p1_221224_610913,1
bdld3_56_x10,model_1,0.1,86.4,0.704,0.6136,0.7306,174,203,3,bdld3_56_x10_model_1_multimer_v2_p1_221224_610913,1
bdld3_56_x10,model_5,0.39,78.8,0.3241,0.2352,0.4187,124,124,4,bdld3_56_x10_model_5_multimer_v2_p1_221224_610913,2
bdld3_56_x10,model_4,0.17,80.16,0.3203,0.2248,0.4555,139,136,5,bdld3_56_x10_model_4_multimer_v2_p1_221224_610913,1
bdld3_57_x10,model_5,0.64,34.79,0.2127,0.1696,0.3125,214,234,1,bdld3_57_x10_model_5_multimer_v2_p1_221224_127559,5
bdld3_57_x10,model_4,2.12,32.04,0.1864,0.1261,0.0833,151,115,2,bdld3_57_x10_model_4_multimer_v2_p1_221224_127559,6
bdld3_57_x10,model_3,1.98,32.35,0.1614,0.0153,3e-04,12,7,3,bdld3_57_x10_model_3_multimer_v2_p1_221224_127559,10
bdld3_57_x10,model_2,4.5,34.4,0.1537,0.208,0.0205,53,84,4,bdld3_57_x10_model_2_multimer_v2_p1_221224_127559,9
bdld3_57_x10,model_1,2.4,31.09,0.1484,0.0047,0,6,4,5,bdld3_57_x10_model_1_multimer_v2_p1_221224_127559,10
bdld3_58_x10,model_4,0.79,51.09,0.2376,0.1806,0.1627,188,162,1,bdld3_58_x10_model_4_multimer_v2_p1_221224_429528,4
bdld3_58_x10,model_2,1.33,37.5,0.2043,0.1483,0.1088,211,262,2,bdld3_58_x10_model_2_multimer_v2_p1_221224_429528,2
bdld3_58_x10,model_5,2.23,49.26,0.1964,0.1603,0.0562,139,164,3,bdld3_58_x10_model_5_multimer_v2_p1_221224_429528,4
bdld3_58_x10,model_3,1.35,38.95,0.1877,0.1067,0.0558,107,83,4,bdld3_58_x10_model_3_multimer_v2_p1_221224_429528,7
bdld3_58_x10,model_1,1.57,57.68,0.1857,0.0199,5e-04,14,8,5,bdld3_58_x10_model_1_multimer_v2_p1_221224_429528,10
bdld3_59_x10,model_1,3.8,63.84,0.2447,0.1928,0.6953,203,237,1,bdld3_59_x10_model_1_multimer_v2_p1_221224_368052,5
bdld3_59_x10,model_5,2.65,66.22,0.2319,0.1932,0.4906,176,183,2,bdld3_59_x10_model_5_multimer_v2_p1_221224_368052,6
bdld3_59_x10,model_3,0.53,68.08,0.2313,0.1785,0.4945,166,185,3,bdld3_59_x10_model_3_multimer_v2_p1_221224_368052,5
bdld3_59_x10,model_2,16.4,31.14,0.1945,0.1767,0.416,369,521,4,bdld3_59_x10_model_2_multimer_v2_p1_221224_368052,5
bdld3_59_x10,model_4,1.78,35.31,0.1921,0.1703,0.5091,330,505,5,bdld3_59_x10_model_4_multimer_v2_p1_221224_368052,5
bdld3_61_x10,model_2,0.04,84.87,0.7303,0.6937,0.7273,212,244,1,bdld3_61_x10_model_2_multimer_v2_p1_221224_921407,1
bdld3_61_x10,model_1,0.06,90.06,0.7084,0.6028,0.79,161,172,2,bdld3_61_x10_model_1_multimer_v2_p1_221224_921407,1
bdld3_61_x10,model_5,0.34,86.96,0.54,0.433,0.6811,158,154,3,bdld3_61_x10_model_5_multimer_v2_p1_221224_921407,1
bdld3_61_x10,model_4,0.16,86.49,0.4891,0.3583,0.6529,134,132,4,bdld3_61_x10_model_4_multimer_v2_p1_221224_921407,1
bdld3_61_x10,model_3,0.29,82.64,0.4403,0.3201,0.6446,140,138,5,bdld3_61_x10_model_3_multimer_v2_p1_221224_921407,2
bdld3_62_x10,model_3,0.08,87.95,0.8339,0.7591,0.7905,234,265,1,bdld3_62_x10_model_3_multimer_v2_p1_221224_328333,1
bdld3_62_x10,model_2,0.09,81.07,0.6481,0.6015,0.638,211,225,2,bdld3_62_x10_model_2_multimer_v2_p1_221224_328333,1
bdld3_62_x10,model_5,0.62,82.05,0.3839,0.2765,0.5239,154,162,3,bdld3_62_x10_model_5_multimer_v2_p1_221224_328333,1
bdld3_62_x10,model_4,2.69,68.76,0.1811,0,0,0,0,4,bdld3_62_x10_model_4_multimer_v2_p1_221224_328333,10
bdld3_62_x10,model_1,5.33,73.12,0.1778,0,0,0,0,5,bdld3_62_x10_model_1_multimer_v2_p1_221224_328333,10
bdld3_64_x10,model_3,0.06,89.53,0.8332,0.7655,0.7885,186,223,1,bdld3_64_x10_model_3_multimer_v2_p1_221224_229942,4
bdld3_64_x10,model_1,0.08,86.69,0.7044,0.6274,0.6883,168,185,2,bdld3_64_x10_model_1_multimer_v2_p1_221224_229942,3
bdld3_64_x10,model_2,0.08,82.33,0.5911,0.5068,0.6069,184,200,3,bdld3_64_x10_model_2_multimer_v2_p1_221224_229942,2
bdld3_64_x10,model_5,0.39,84.47,0.4046,0.3035,0.5617,149,175,4,bdld3_64_x10_model_5_multimer_v2_p1_221224_229942,1
bdld3_64_x10,model_4,3.13,77.87,0.2531,0.151,0.1722,83,49,5,bdld3_64_x10_model_4_multimer_v2_p1_221224_229942,10
bdld3_65_x10,model_3,0.09,89.99,0.8498,0.7692,0.7932,230,311,1,bdld3_65_x10_model_3_multimer_v2_p1_221224_258913,1
bdld3_65_x10,model_1,0.1,91.07,0.848,0.7945,0.83,234,282,2,bdld3_65_x10_model_1_multimer_v2_p1_221224_258913,1
bdld3_65_x10,model_4,0.05,79.49,0.5704,0.4929,0.5803,175,186,3,bdld3_65_x10_model_4_multimer_v2_p1_221224_258913,2
bdld3_65_x10,model_2,0.1,72.36,0.3968,0.3212,0.3206,110,95,4,bdld3_65_x10_model_2_multimer_v2_p1_221224_258913,5
bdld3_65_x10,model_5,0.88,72.82,0.2735,0.2278,0.2573,96,83,5,bdld3_65_x10_model_5_multimer_v2_p1_221224_258913,7
bdld3_66_x10,model_3,0.05,91.44,0.8914,0.8212,0.8512,219,245,1,bdld3_66_x10_model_3_multimer_v2_p1_221224_785817,1
bdld3_66_x10,model_2,0.07,79.44,0.567,0.4897,0.5598,179,188,2,bdld3_66_x10_model_2_multimer_v2_p1_221224_785817,1
bdld3_66_x10,model_1,0.3,81.83,0.3838,0.2886,0.5192,134,125,3,bdld3_66_x10_model_1_multimer_v2_p1_221224_785817,3
bdld3_66_x10,model_5,0.97,65.1,0.1977,0.0458,0.004,22,12,4,bdld3_66_x10_model_5_multimer_v2_p1_221224_785817,10
bdld3_66_x10,model_4,2.11,67.36,0.1821,0.1843,0.0089,35,24,5,bdld3_66_x10_model_4_multimer_v2_p1_221224_785817,10
bdld3_67_x10,model_1,0.09,85.56,0.6528,0.5617,0.7125,178,174,1,bdld3_67_x10_model_1_multimer_v2_p1_221224_160228,2
bdld3_67_x10,model_2,0.06,78.63,0.5875,0.5252,0.5686,174,167,2,bdld3_67_x10_model_2_multimer_v2_p1_221224_160228,4
bdld3_67_x10,model_3,0.09,78.19,0.5782,0.5177,0.6017,172,185,3,bdld3_67_x10_model_3_multimer_v2_p1_221224_160228,3
bdld3_67_x10,model_5,0.31,80.22,0.359,0.2649,0.4814,153,143,4,bdld3_67_x10_model_5_multimer_v2_p1_221224_160228,2
bdld3_67_x10,model_4,0.44,73.73,0.2559,0.179,0.2891,114,89,5,bdld3_67_x10_model_4_multimer_v2_p1_221224_160228,6
bdld3_69_x10,model_5,0.08,86.89,0.7518,0.6163,0.7133,149,153,1,bdld3_69_x10_model_5_multimer_v2_p1_221224_960470,2
bdld3_69_x10,model_2,0.08,80.61,0.6079,0.5392,0.5459,185,177,2,bdld3_69_x10_model_2_multimer_v2_p1_221224_960470,4
bdld3_69_x10,model_3,0.06,83.98,0.5951,0.4784,0.5987,144,151,3,bdld3_69_x10_model_3_multimer_v2_p1_221224_960470,2
bdld3_69_x10,model_1,0.54,86.88,0.3893,0.2631,0.5048,129,133,4,bdld3_69_x10_model_1_multimer_v2_p1_221224_960470,1
bdld3_69_x10,model_4,0.25,82.78,0.349,0.2571,0.4999,122,113,5,bdld3_69_x10_model_4_multimer_v2_p1_221224_960470,2
bdld3_71_x10,model_3,0.1,92.71,0.9005,0.8189,0.8357,215,236,1,bdld3_71_x10_model_3_multimer_v2_p1_221224_233648,3
bdld3_71_x10,model_2,0.07,85.1,0.7198,0.638,0.6679,218,215,2,bdld3_71_x10_model_2_multimer_v2_p1_221224_233648,3
bdld3_71_x10,model_5,0.18,84.47,0.3963,0.2951,0.4962,133,132,3,bdld3_71_x10_model_5_multimer_v2_p1_221224_233648,1
bdld3_71_x10,model_4,2.61,76.42,0.1799,0,0,0,0,4,bdld3_71_x10_model_4_multimer_v2_p1_221224_233648,10
bdld3_71_x10,model_1,5.17,78.61,0.1796,0,0,0,0,5,bdld3_71_x10_model_1_multimer_v2_p1_221224_233648,10
bdld3_73_x10,model_1,0.09,89.45,0.5459,0.425,0.6923,172,162,1,bdld3_73_x10_model_1_multimer_v2_p1_221224_589046,1
bdld3_73_x10,model_3,0.08,77.93,0.514,0.4725,0.5301,189,180,2,bdld3_73_x10_model_3_multimer_v2_p1_221224_589046,3
bdld3_73_x10,model_2,0.08,77.39,0.4989,0.4594,0.4555,167,159,3,bdld3_73_x10_model_2_multimer_v2_p1_221224_589046,4
bdld3_73_x10,model_5,0.09,82.79,0.3877,0.2892,0.5598,158,156,4,bdld3_73_x10_model_5_multimer_v2_p1_221224_589046,1
bdld3_73_x10,model_4,0.28,80.71,0.3187,0.227,0.4448,142,132,5,bdld3_73_x10_model_4_multimer_v2_p1_221224_589046,2
bdld3_74_x10,model_1,0.14,89.72,0.5477,0.4095,0.7107,158,168,1,bdld3_74_x10_model_1_multimer_v2_p1_221224_383336,1
bdld3_74_x10,model_2,0.1,79.47,0.4905,0.4231,0.5097,172,172,2,bdld3_74_x10_model_2_multimer_v2_p1_221224_383336,3
bdld3_74_x10,model_5,0.58,85.63,0.4721,0.3629,0.6275,166,170,3,bdld3_74_x10_model_5_multimer_v2_p1_221224_383336,1
bdld3_74_x10,model_4,1.49,84.02,0.3805,0.2874,0.5833,150,149,4,bdld3_74_x10_model_4_multimer_v2_p1_221224_383336,1
bdld3_74_x10,model_3,0.12,83.26,0.3804,0.2833,0.5656,137,132,5,bdld3_74_x10_model_3_multimer_v2_p1_221224_383336,2
bdld3_76_x10,model_1,0.08,89.8,0.7388,0.5925,0.7023,151,139,1,bdld3_76_x10_model_1_multimer_v2_p1_221224_693775,6
bdld3_76_x10,model_3,0.08,80.63,0.6005,0.5134,0.5555,152,149,2,bdld3_76_x10_model_3_multimer_v2_p1_221224_693775,1
bdld3_76_x10,model_2,0.07,75.15,0.4362,0.392,0.3148,120,94,3,bdld3_76_x10_model_2_multimer_v2_p1_221224_693775,6
bdld3_76_x10,model_5,0.58,84.19,0.4221,0.3159,0.5635,151,154,4,bdld3_76_x10_model_5_multimer_v2_p1_221224_693775,1
bdld3_76_x10,model_4,1.06,73,0.183,0.0014,0,2,1,5,bdld3_76_x10_model_4_multimer_v2_p1_221224_693775,10
bdld3_77_x10,model_2,0.07,83.37,0.659,0.5705,0.6074,145,154,1,bdld3_77_x10_model_2_multimer_v2_p1_221224_919918,6
bdld3_77_x10,model_3,0.08,83.1,0.6436,0.5218,0.6023,141,164,2,bdld3_77_x10_model_3_multimer_v2_p1_221224_919918,3
bdld3_77_x10,model_5,3.61,75.06,0.2058,0.0269,0.0019,16,11,3,bdld3_77_x10_model_5_multimer_v2_p1_221224_919918,10
bdld3_77_x10,model_1,3.04,77.38,0.1813,0.0014,0,2,1,4,bdld3_77_x10_model_1_multimer_v2_p1_221224_919918,10
bdld3_77_x10,model_4,1.9,76.37,0.1779,0.0032,0,4,2,5,bdld3_77_x10_model_4_multimer_v2_p1_221224_919918,10
bdld3_78_x10,model_1,0.08,89.76,0.7612,0.6685,0.7826,174,175,1,bdld3_78_x10_model_1_multimer_v2_p1_221224_653668,2
bdld3_78_x10,model_2,0.07,85.29,0.7549,0.7024,0.733,176,185,2,bdld3_78_x10_model_2_multimer_v2_p1_221224_653668,3
bdld3_78_x10,model_3,0.12,84.06,0.6165,0.5171,0.6234,144,148,3,bdld3_78_x10_model_3_multimer_v2_p1_221224_653668,2
bdld3_78_x10,model_5,0.17,86.17,0.4982,0.3674,0.64,144,147,4,bdld3_78_x10_model_5_multimer_v2_p1_221224_653668,1
bdld3_78_x10,model_4,0.08,83.28,0.3309,0.2396,0.5106,135,134,5,bdld3_78_x10_model_4_multimer_v2_p1_221224_653668,1
bdld3_79_x10,model_2,0.05,86.85,0.7657,0.7135,0.7613,230,272,1,bdld3_79_x10_model_2_multimer_v2_p1_221224_649217,1
bdld3_79_x10,model_3,0.08,85.59,0.7497,0.6741,0.7109,199,237,2,bdld3_79_x10_model_3_multimer_v2_p1_221224_649217,1
bdld3_79_x10,model_1,0.04,83.85,0.5973,0.5157,0.6453,165,178,3,bdld3_79_x10_model_1_multimer_v2_p1_221224_649217,1
bdld3_79_x10,model_4,0.08,79.05,0.5084,0.4408,0.5449,170,198,4,bdld3_79_x10_model_4_multimer_v2_p1_221224_649217,1
bdld3_79_x10,model_5,0.09,82.43,0.4009,0.2887,0.5097,128,136,5,bdld3_79_x10_model_5_multimer_v2_p1_221224_649217,1
bdld3_82_x10,model_3,1.1,93.21,0.6836,0.4144,0.6858,111,101,1,bdld3_82_x10_model_3_multimer_v2_p1_221224_887872,6
bdld3_82_x10,model_2,0.06,83.45,0.6757,0.6204,0.6605,177,170,2,bdld3_82_x10_model_2_multimer_v2_p1_221224_887872,5
bdld3_82_x10,model_1,0.07,86.98,0.6305,0.5813,0.6773,150,144,3,bdld3_82_x10_model_1_multimer_v2_p1_221224_887872,6
bdld3_82_x10,model_5,0.67,81.3,0.3533,0.252,0.4128,117,118,4,bdld3_82_x10_model_5_multimer_v2_p1_221224_887872,3
bdld3_82_x10,model_4,6.08,75.59,0.1835,0,0,0,0,5,bdld3_82_x10_model_4_multimer_v2_p1_221224_887872,10
bdld3_84_x10,model_3,0.09,86.2,0.7521,0.7015,0.7189,207,219,1,bdld3_84_x10_model_3_multimer_v2_p1_221224_071652,2
bdld3_84_x10,model_1,0.09,88.97,0.5179,0.3804,0.6532,136,135,2,bdld3_84_x10_model_1_multimer_v2_p1_221224_071652,1
bdld3_84_x10,model_2,0.09,77.99,0.4672,0.4197,0.5,162,142,3,bdld3_84_x10_model_2_multimer_v2_p1_221224_071652,4
bdld3_84_x10,model_5,0.37,84.09,0.3984,0.2888,0.5195,125,119,4,bdld3_84_x10_model_5_multimer_v2_p1_221224_071652,2
bdld3_84_x10,model_4,0.99,77.12,0.2607,0.1547,0.1717,76,49,5,bdld3_84_x10_model_4_multimer_v2_p1_221224_071652,10
